fixed acidity,residual sugar（无关）,chlorides（无关）,total sulfur dioxide（无关）,free sulfur dioxide（无关）,volatile acidity（负相关）,citric acid（正相关）,density（负相关）,pH（负相关）,sulphates（正相关）,alcohol（正相关）,quality
7.4,1.9,0.076,34,11,0.7,0,0.9978,3.51,0.56,9.4,5
7.8,2.6,0.098,67,25,0.88,0,0.9968,3.2,0.68,9.8,5
7.8,2.3,0.092,54,15,0.76,0.04,0.997,3.26,0.65,9.8,5
11.2,1.9,0.075,60,17,0.28,0.56,0.998,3.16,0.58,9.8,6
7.4,1.9,0.076,34,11,0.7,0,0.9978,3.51,0.56,9.4,5
7.4,1.8,0.075,40,13,0.66,0,0.9978,3.51,0.56,9.4,5
7.9,1.6,0.069,59,15,0.6,0.06,0.9964,3.3,0.46,9.4,5
7.3,1.2,0.065,21,15,0.65,0,0.9946,3.39,0.47,10,7
7.8,2,0.073,18,9,0.58,0.02,0.9968,3.36,0.57,9.5,7
7.5,6.1,0.071,102,17,0.5,0.36,0.9978,3.35,0.8,10.5,5
6.7,1.8,0.097,65,15,0.58,0.08,0.9959,3.28,0.54,9.2,5
7.5,6.1,0.071,102,17,0.5,0.36,0.9978,3.35,0.8,10.5,5
5.6,1.6,0.089,59,16,0.615,0,0.9943,3.58,0.52,9.9,5
7.8,1.6,0.114,29,9,0.61,0.29,0.9974,3.26,1.56,9.1,5
8.9,3.8,0.176,145,52,0.62,0.18,0.9986,3.16,0.88,9.2,5
8.9,3.9,0.17,148,51,0.62,0.19,0.9986,3.17,0.93,9.2,5
8.5,1.8,0.092,103,35,0.28,0.56,0.9969,3.3,0.75,10.5,7
8.1,1.7,0.368,56,16,0.56,0.28,0.9968,3.11,1.28,9.3,5
7.4,4.4,0.086,29,6,0.59,0.08,0.9974,3.38,0.5,9,4
7.9,1.8,0.341,56,17,0.32,0.51,0.9969,3.04,1.08,9.2,6
8.9,1.8,0.077,60,29,0.22,0.48,0.9968,3.39,0.53,9.4,6
7.6,2.3,0.082,71,23,0.39,0.31,0.9982,3.52,0.65,9.7,5
7.9,1.6,0.106,37,10,0.43,0.21,0.9966,3.17,0.91,9.5,5
8.5,2.3,0.084,67,9,0.49,0.11,0.9968,3.17,0.53,9.4,5
6.9,2.4,0.085,40,21,0.4,0.14,0.9968,3.43,0.63,9.7,6
6.3,1.4,0.08,23,11,0.39,0.16,0.9955,3.34,0.56,9.3,5
7.6,1.8,0.08,11,4,0.41,0.24,0.9962,3.28,0.59,9.5,5
7.9,1.6,0.106,37,10,0.43,0.21,0.9966,3.17,0.91,9.5,5
7.1,1.9,0.08,35,14,0.71,0,0.9972,3.47,0.55,9.4,5
7.8,2,0.082,16,8,0.645,0,0.9964,3.38,0.59,9.8,6
6.7,2.4,0.089,82,17,0.675,0.07,0.9958,3.35,0.54,10.1,5
6.9,2.5,0.105,37,22,0.685,0,0.9966,3.46,0.57,10.6,6
8.3,2.3,0.083,113,15,0.655,0.12,0.9966,3.17,0.66,9.8,5
6.9,10.7,0.073,83,40,0.605,0.12,0.9993,3.45,0.52,9.4,6
5.2,1.8,0.103,50,13,0.32,0.25,0.9957,3.38,0.55,9.2,5
7.8,5.5,0.086,18,5,0.645,0,0.9986,3.4,0.55,9.6,6
7.8,2.4,0.086,15,3,0.6,0.14,0.9975,3.42,0.6,10.8,6
8.1,2.1,0.066,30,13,0.38,0.28,0.9968,3.23,0.73,9.7,7
5.7,1.5,0.172,19,7,1.13,0.09,0.994,3.5,0.48,9.8,4
7.3,5.9,0.074,87,12,0.45,0.36,0.9978,3.33,0.83,10.5,5
7.3,5.9,0.074,87,12,0.45,0.36,0.9978,3.33,0.83,10.5,5
8.8,2.8,0.088,46,17,0.61,0.3,0.9976,3.26,0.51,9.3,4
7.5,2.6,0.332,14,8,0.49,0.2,0.9968,3.21,0.9,10.5,6
8.1,2.2,0.069,23,9,0.66,0.22,0.9968,3.3,1.2,10.3,5
6.8,1.8,0.05,11,5,0.67,0.02,0.9962,3.48,0.52,9.5,5
4.6,2.1,0.054,65,8,0.52,0.15,0.9934,3.9,0.56,13.1,4
7.7,2.2,0.114,114,22,0.935,0.43,0.997,3.25,0.73,9.2,5
8.7,1.6,0.113,37,12,0.29,0.52,0.9969,3.25,0.58,9.5,5
6.4,1.6,0.066,12,5,0.4,0.23,0.9958,3.34,0.56,9.2,5
5.6,1.4,0.074,96,12,0.31,0.37,0.9954,3.32,0.58,9.2,5
8.8,1.7,0.074,23,4,0.66,0.26,0.9971,3.15,0.74,9.2,5
6.6,2.2,0.069,15,8,0.52,0.04,0.9956,3.4,0.63,9.4,6
6.6,2.1,0.068,14,6,0.5,0.04,0.9955,3.39,0.64,9.4,6
8.6,3,0.081,119,30,0.38,0.36,0.997,3.2,0.56,9.4,5
7.6,2.8,0.11,73,33,0.51,0.15,0.9955,3.17,0.63,10.2,6
7.7,3.8,0.084,45,25,0.62,0.04,0.9978,3.34,0.53,9.5,5
10.2,3.4,0.07,10,4,0.42,0.57,0.9971,3.04,0.63,9.6,5
7.5,5.1,0.111,110,50,0.63,0.12,0.9983,3.26,0.77,9.4,5
7.8,2.3,0.076,54,17,0.59,0.18,0.9975,3.43,0.59,10,5
7.3,2.4,0.074,46,9,0.39,0.31,0.9962,3.41,0.54,9.4,6
8.8,2.2,0.079,52,19,0.4,0.4,0.998,3.44,0.64,9.2,5
7.7,1.8,0.115,112,20,0.69,0.49,0.9968,3.21,0.71,9.3,5
7.5,1.9,0.085,35,12,0.52,0.16,0.9968,3.38,0.62,9.5,7
7,2,0.081,54,13,0.735,0.05,0.9966,3.39,0.57,9.8,5
7.2,4.65,0.086,11,4,0.725,0.05,0.9962,3.41,0.39,10.9,5
7.2,4.65,0.086,11,4,0.725,0.05,0.9962,3.41,0.39,10.9,5
7.5,1.5,0.079,39,11,0.52,0.11,0.9968,3.42,0.58,9.6,5
6.6,1.6,0.076,15,6,0.705,0.07,0.9962,3.44,0.58,10.7,5
9.3,2,0.074,65,27,0.32,0.57,0.9969,3.28,0.79,10.7,5
8,1.9,0.074,19,8,0.705,0.05,0.9962,3.34,0.95,10.5,6
7.7,1.9,0.076,27,15,0.63,0.08,0.9967,3.32,0.54,9.5,6
7.7,2.1,0.088,96,17,0.67,0.23,0.9962,3.32,0.48,9.5,5
7.7,1.9,0.084,94,18,0.69,0.22,0.9961,3.31,0.48,9.5,5
8.3,2.1,0.084,43,11,0.675,0.26,0.9976,3.31,0.53,9.2,4
9.7,2.5,0.094,83,28,0.32,0.54,0.9984,3.28,0.82,9.6,5
8.8,2.2,0.093,42,9,0.41,0.64,0.9986,3.54,0.66,10.5,5
8.8,2.2,0.093,42,9,0.41,0.64,0.9986,3.54,0.66,10.5,5
6.8,2.4,0.104,30,14,0.785,0,0.9966,3.52,0.55,10.7,6
6.7,2,0.086,80,12,0.75,0.12,0.9958,3.38,0.52,10.1,5
8.3,1.5,0.08,119,27,0.625,0.2,0.9972,3.16,1.12,9.1,4
6.2,1.6,0.069,15,3,0.45,0.2,0.9958,3.41,0.56,9.2,5
7.8,1.9,0.464,67,22,0.43,0.7,0.9974,3.13,1.28,9.4,5
7.4,2,0.086,73,21,0.5,0.47,0.997,3.36,0.57,9.1,5
7.3,1.8,0.401,51,16,0.67,0.26,0.9969,3.16,1.14,9.4,5
6.3,1.8,0.069,61,18,0.3,0.48,0.9959,3.44,0.78,10.3,6
6.9,2.2,0.076,40,19,0.55,0.15,0.9961,3.41,0.59,10.1,5
8.6,1.9,0.11,136,20,0.49,0.28,0.9972,2.93,1.95,9.9,6
7.7,1.9,0.062,31,9,0.49,0.26,0.9966,3.39,0.64,9.6,5
9.3,2.1,0.107,125,34,0.39,0.44,0.9978,3.14,1.22,9.5,5
7,1.8,0.076,24,8,0.62,0.08,0.9978,3.48,0.53,9,5
7.9,1.9,0.079,140,42,0.52,0.26,0.9964,3.23,0.54,9.5,5
8.6,1.9,0.11,136,20,0.49,0.28,0.9972,2.93,1.95,9.9,6
8.6,2,0.11,133,19,0.49,0.29,0.9972,2.93,1.98,9.8,5
7.7,1.9,0.062,31,9,0.49,0.26,0.9966,3.39,0.64,9.6,5
5,1.4,0.045,85,41,1.02,0.04,0.9938,3.75,0.48,10.5,4
4.7,2.3,0.058,106,17,0.6,0.17,0.9932,3.85,0.6,12.9,6
6.8,3,0.102,23,8,0.775,0,0.9965,3.45,0.56,10.7,5
7,2,0.07,22,3,0.5,0.25,0.9963,3.25,0.63,9.2,5
7.6,2.5,0.079,10,5,0.9,0.06,0.9967,3.39,0.56,9.8,5
8.1,1.9,0.08,35,13,0.545,0.18,0.9972,3.3,0.59,9,6
8.3,2.1,0.084,50,11,0.61,0.3,0.9972,3.4,0.61,10.2,6
7.8,1.9,0.075,22,8,0.5,0.3,0.9959,3.31,0.56,10.4,6
8.1,1.9,0.08,35,13,0.545,0.18,0.9972,3.3,0.59,9,6
8.1,2.1,0.077,65,12,0.575,0.22,0.9967,3.29,0.51,9.2,5
7.2,2.2,0.07,36,5,0.49,0.24,0.996,3.33,0.48,9.4,5
8.1,2.1,0.077,65,12,0.575,0.22,0.9967,3.29,0.51,9.2,5
7.8,1.7,0.467,69,18,0.41,0.68,0.9973,3.08,1.31,9.3,5
6.2,1.7,0.088,64,15,0.63,0.31,0.9969,3.46,0.79,9.3,5
8,2.5,0.091,80,18,0.33,0.53,0.9976,3.37,0.8,9.6,6
8.1,2,0.122,153,37,0.785,0.52,0.9969,3.21,0.69,9.3,5
7.8,1.8,0.104,47,12,0.56,0.19,0.9964,3.19,0.93,9.5,5
8.4,2.2,0.084,108,11,0.62,0.09,0.9964,3.15,0.66,9.8,5
8.4,2.2,0.085,111,14,0.6,0.1,0.9964,3.15,0.66,9.8,5
10.1,2.3,0.08,46,22,0.31,0.44,0.9988,3.32,0.67,9.7,6
7.8,1.8,0.104,47,12,0.56,0.19,0.9964,3.19,0.93,9.5,5
9.4,2.2,0.09,62,13,0.4,0.31,0.9966,3.07,0.63,10.5,6
8.3,1.9,0.077,40,11,0.54,0.28,0.9978,3.39,0.61,10,6
7.8,2,0.082,28,7,0.56,0.12,0.997,3.37,0.5,9.4,6
8.8,2.2,0.119,56,14,0.55,0.04,0.9962,3.21,0.6,10.9,6
7,1.8,0.097,89,22,0.69,0.08,0.9959,3.34,0.54,9.2,6
7.3,1.7,0.178,89,10,1.07,0.09,0.9962,3.3,0.57,9,5
8.8,2.2,0.119,56,14,0.55,0.04,0.9962,3.21,0.6,10.9,6
7.3,2.5,0.075,13,3,0.695,0,0.998,3.49,0.52,9.2,5
8,2.6,0.08,34,11,0.71,0,0.9976,3.44,0.53,9.5,5
7.8,1.6,0.082,102,21,0.5,0.17,0.996,3.39,0.48,9.5,5
9,1.9,0.146,90,27,0.62,0.04,0.9984,3.16,0.7,9.4,5
8.2,1.7,0.081,12,3,1.33,0,0.9964,3.53,0.49,10.9,5
8.1,1.8,0.082,12,3,1.33,0,0.9964,3.54,0.48,10.9,5
8,1.8,0.065,16,3,0.59,0.16,0.9962,3.42,0.92,10.5,7
6.1,1.8,0.072,19,6,0.38,0.15,0.9955,3.42,0.57,9.4,5
8,2,0.118,134,30,0.745,0.56,0.9968,3.24,0.66,9.4,5
5.6,2.3,0.049,99,17,0.5,0.09,0.9937,3.63,0.63,13,5
5.6,2.3,0.049,99,17,0.5,0.09,0.9937,3.63,0.63,13,5
6.6,1.5,0.06,26,17,0.5,0.01,0.9952,3.4,0.58,9.8,6
7.9,2.2,0.084,29,13,1.04,0.05,0.9959,3.22,0.55,9.9,6
8.4,1.9,0.09,63,16,0.745,0.11,0.9965,3.19,0.82,9.6,5
8.3,1.8,0.089,52,10,0.715,0.15,0.9968,3.23,0.77,9.5,5
7.2,2,0.081,45,13,0.415,0.36,0.9972,3.48,0.64,9.2,5
7.8,2.1,0.081,105,15,0.56,0.19,0.9962,3.33,0.54,9.5,5
7.8,2,0.081,108,17,0.56,0.19,0.9962,3.32,0.54,9.5,5
8.4,1.9,0.09,63,16,0.745,0.11,0.9965,3.19,0.82,9.6,5
8.3,1.8,0.089,52,10,0.715,0.15,0.9968,3.23,0.77,9.5,5
5.2,1.8,0.05,63,27,0.34,0,0.9916,3.68,0.79,14,6
6.3,1.7,0.066,20,3,0.39,0.08,0.9954,3.34,0.58,9.4,5
5.2,1.8,0.05,63,27,0.34,0,0.9916,3.68,0.79,14,6
8.1,1.8,0.117,141,32,0.67,0.55,0.9968,3.17,0.62,9.4,5
5.8,1.8,0.087,94,21,0.68,0.02,0.9944,3.54,0.52,10,5
7.6,1.6,0.236,88,10,0.49,0.26,0.9968,3.11,0.8,9.3,5
6.9,2.3,0.074,30,12,0.49,0.1,0.9959,3.42,0.58,10.2,6
8.2,2.8,0.089,43,11,0.4,0.44,0.9975,3.53,0.61,10.5,6
7.3,2.1,0.077,11,5,0.33,0.47,0.9958,3.33,0.53,10.3,6
9.2,3.4,0.61,69,32,0.52,1,0.9996,2.74,2,9.4,4
7.5,1.8,0.095,99,25,0.6,0.03,0.995,3.35,0.54,10.1,5
7.5,1.8,0.095,99,25,0.6,0.03,0.995,3.35,0.54,10.1,5
7.1,5.5,0.07,129,29,0.43,0.42,0.9973,3.42,0.72,10.5,5
7.1,5.5,0.071,128,28,0.43,0.42,0.9973,3.42,0.71,10.5,5
7.1,5.5,0.07,129,29,0.43,0.42,0.9973,3.42,0.72,10.5,5
7.1,5.5,0.071,128,28,0.43,0.42,0.9973,3.42,0.71,10.5,5
7.1,2.2,0.073,22,12,0.68,0,0.9969,3.48,0.5,9.3,5
6.8,1.9,0.079,86,18,0.6,0.18,0.9968,3.59,0.57,9.3,6
7.6,2,0.09,20,7,0.95,0.03,0.9959,3.2,0.56,9.6,5
7.6,1.3,0.072,20,9,0.68,0.02,0.9965,3.17,1.08,9.2,4
7.8,1.7,0.076,31,17,0.53,0.04,0.9964,3.33,0.56,10,6
7.4,7.3,0.07,121,36,0.6,0.26,0.9982,3.37,0.49,9.4,5
7.3,7.2,0.07,121,35,0.59,0.26,0.9981,3.37,0.49,9.4,5
7.8,1.7,0.1,96,14,0.63,0.48,0.9961,3.19,0.62,9.5,5
6.8,2.1,0.085,101,18,0.64,0.1,0.9956,3.34,0.52,10.2,5
7.3,1.6,0.072,42,17,0.55,0.03,0.9956,3.37,0.48,9,4
6.8,2.1,0.089,44,11,0.63,0.07,0.9953,3.47,0.55,10.4,6
7.5,1.8,0.36,63,15,0.705,0.24,0.9964,3,1.59,9.5,5
7.9,1.8,0.058,8,4,0.885,0.03,0.9972,3.36,0.33,9.1,4
8,2,0.073,18,6,0.42,0.17,0.9972,3.29,0.61,9.2,6
8,2,0.073,18,6,0.42,0.17,0.9972,3.29,0.61,9.2,6
7.4,1.9,0.068,42,24,0.62,0.05,0.9961,3.42,0.57,11.5,6
7.3,2,0.08,35,7,0.38,0.21,0.9961,3.33,0.47,9.5,5
6.9,1.5,0.085,49,19,0.5,0.04,0.9958,3.35,0.78,9.5,5
7.3,2,0.08,35,7,0.38,0.21,0.9961,3.33,0.47,9.5,5
7.5,2.3,0.087,38,8,0.52,0.42,0.9972,3.58,0.61,10.5,6
7,2.5,0.068,20,7,0.805,0,0.9969,3.48,0.56,9.6,5
8.8,2.4,0.067,42,10,0.61,0.14,0.9969,3.19,0.59,9.5,5
8.8,2.4,0.067,42,10,0.61,0.14,0.9969,3.19,0.59,9.5,5
8.9,2,0.27,110,23,0.61,0.49,0.9972,3.12,1.02,9.3,5
7.2,2.5,0.076,42,16,0.73,0.02,0.9972,3.44,0.52,9.3,5
6.8,1.8,0.077,65,11,0.61,0.2,0.9971,3.54,0.58,9.3,5
6.7,1.9,0.079,62,8,0.62,0.21,0.997,3.52,0.58,9.3,6
8.9,2,0.111,85,26,0.31,0.57,0.9971,3.26,0.53,9.7,5
7.4,2,0.082,67,14,0.39,0.48,0.9972,3.34,0.55,9.2,5
7.7,2.6,0.084,26,9,0.705,0.1,0.9976,3.39,0.49,9.7,5
7.9,2,0.084,143,15,0.5,0.33,0.9968,3.2,0.55,9.5,5
7.9,1.9,0.082,144,17,0.49,0.32,0.9968,3.2,0.55,9.5,5
8.2,2.9,0.077,127,21,0.5,0.35,0.9976,3.23,0.62,9.4,5
6.4,1.9,0.074,49,21,0.37,0.25,0.9974,3.57,0.62,9.8,6
6.8,3.8,0.099,126,16,0.63,0.12,0.9969,3.28,0.61,9.5,5
7.6,2.2,0.071,28,7,0.55,0.21,0.9964,3.28,0.55,9.7,5
7.6,2.2,0.071,28,7,0.55,0.21,0.9964,3.28,0.55,9.7,5
7.8,2,0.074,120,24,0.59,0.33,0.9968,3.25,0.54,9.4,5
7.3,2.4,0.074,55,15,0.58,0.3,0.9968,3.46,0.59,10.2,5
11.5,2,0.067,27,12,0.3,0.6,0.9981,3.11,0.97,10.1,6
5.4,1.2,0.046,93,13,0.835,0.08,0.9924,3.57,0.85,13,7
6.9,2.1,0.061,31,12,1.09,0.06,0.9948,3.51,0.43,11.4,4
9.6,1.4,0.056,24,9,0.32,0.47,0.99695,3.22,0.82,10.3,7
8.8,2.1,0.097,145,39,0.37,0.48,0.9975,3.04,1.03,9.3,5
6.8,1.5,0.075,49,16,0.5,0.11,0.99545,3.36,0.79,9.5,5
7,1.6,0.088,39,16,0.42,0.35,0.9961,3.34,0.55,9.2,5
7,1.6,0.089,37,14,0.43,0.36,0.99615,3.34,0.56,9.2,6
12.8,2.6,0.095,28,9,0.3,0.74,0.9994,3.2,0.77,10.8,7
12.8,2.6,0.095,28,9,0.3,0.74,0.9994,3.2,0.77,10.8,7
7.8,1.8,0.069,120,26,0.57,0.31,0.99625,3.29,0.53,9.3,5
7.8,2.7,0.1,95,18,0.44,0.28,0.9966,3.22,0.67,9.4,5
11,2.1,0.054,19,7,0.3,0.58,0.998,3.31,0.88,10.5,7
9.7,2,0.039,19,5,0.53,0.6,0.99585,3.3,0.86,12.4,6
8,2.8,0.083,62,10,0.725,0.24,0.99685,3.35,0.56,10,6
11.6,2.1,0.059,15,5,0.44,0.64,0.998,3.21,0.67,10.2,6
8.2,2.2,0.06,65,28,0.57,0.26,0.9959,3.3,0.43,10.1,5
7.8,2.4,0.092,41,10,0.735,0.08,0.9974,3.24,0.71,9.8,6
7,5.6,0.06,121,26,0.49,0.49,0.9974,3.34,0.76,10.5,5
8.7,2,0.101,49,13,0.625,0.16,0.9962,3.14,0.57,11,5
8.1,2.2,0.072,41,11,0.725,0.22,0.9967,3.36,0.55,9.1,5
7.5,1.9,0.076,44,10,0.49,0.19,0.9957,3.39,0.54,9.7,5
7.8,2.4,0.08,144,24,0.53,0.33,0.99655,3.3,0.6,9.5,5
7.8,2,0.082,58,24,0.34,0.37,0.9964,3.34,0.59,9.4,6
7.4,2,0.101,72,16,0.53,0.26,0.9957,3.15,0.57,9.4,5
6.8,1.5,0.057,10,5,0.61,0.04,0.99525,3.42,0.6,9.5,5
8.6,2,0.083,28,8,0.645,0.25,0.99815,3.28,0.6,10,6
8.4,2,0.089,55,15,0.635,0.36,0.99745,3.31,0.57,10.4,4
7.7,2.6,0.073,63,29,0.43,0.25,0.99615,3.37,0.58,10.5,6
8.9,2,0.337,81,27,0.59,0.5,0.9964,3.04,1.61,9.5,6
9,2.6,0.089,23,9,0.82,0.14,0.9984,3.39,0.63,9.8,5
7.7,2.6,0.073,63,29,0.43,0.25,0.99615,3.37,0.58,10.5,6
6.9,2.6,0.081,37,10,0.52,0.25,0.99685,3.46,0.5,11,5
5.2,1.6,0.054,106,19,0.48,0.04,0.9927,3.54,0.62,12.2,7
8,1.8,0.078,49,12,0.38,0.06,0.99625,3.37,0.52,9.9,6
8.5,2.8,0.09,58,18,0.37,0.2,0.998,3.34,0.7,9.6,6
6.9,2.6,0.081,37,10,0.52,0.25,0.99685,3.46,0.5,11,5
8.2,2.3,0.065,37,7,1,0.09,0.99685,3.32,0.55,9,6
7.2,1.9,0.097,38,14,0.63,0,0.99675,3.37,0.58,9,6
7.2,1.9,0.097,38,14,0.63,0,0.99675,3.37,0.58,9,6
7.2,1.9,0.097,39,15,0.645,0,0.99675,3.37,0.58,9.2,6
7.2,1.9,0.097,38,14,0.63,0,0.99675,3.37,0.58,9,6
8.2,2.3,0.065,37,7,1,0.09,0.99685,3.32,0.55,9,6
8.9,1.7,0.263,62,5,0.635,0.37,0.9971,3,1.09,9.3,5
12,2.1,0.093,24,6,0.38,0.56,0.99925,3.14,0.71,10.9,6
7.7,1.8,0.102,109,28,0.58,0.1,0.99565,3.08,0.49,9.8,6
15,2.2,0.075,24,10,0.21,0.44,1.00005,3.07,0.84,9.2,7
15,2.2,0.075,24,10,0.21,0.44,1.00005,3.07,0.84,9.2,7
7.3,2,0.084,23,6,0.66,0,0.9983,3.61,0.96,9.9,6
7.1,1.9,0.075,51,16,0.68,0.07,0.99685,3.38,0.52,9.5,5
8.2,2.3,0.072,73,11,0.6,0.17,0.9963,3.2,0.45,9.3,5
7.7,1.7,0.074,39,9,0.53,0.06,0.99615,3.35,0.48,9.8,6
7.3,2,0.084,23,6,0.66,0,0.9983,3.61,0.96,9.9,6
10.8,1.6,0.063,37,16,0.32,0.44,0.9985,3.22,0.78,10,6
7.1,1.8,0.074,34,16,0.6,0,0.9972,3.47,0.7,9.9,6
11.1,3.1,0.09,21,5,0.35,0.48,0.9986,3.17,0.53,10.5,5
7.7,1.9,0.092,86,8,0.775,0.42,0.9959,3.23,0.59,9.5,5
7.1,1.8,0.074,34,16,0.6,0,0.9972,3.47,0.7,9.9,6
8,3.2,0.073,119,17,0.57,0.23,0.99675,3.26,0.57,9.3,5
9.4,2.2,0.075,13,5,0.34,0.37,0.998,3.22,0.62,9.2,5
6.6,2.1,0.075,56,12,0.695,0,0.9968,3.49,0.67,9.2,5
7.7,1.8,0.611,45,8,0.41,0.76,0.9968,3.06,1.26,9.4,5
10,2.6,0.085,33,14,0.31,0.47,0.99965,3.36,0.8,10.5,7
7.9,1.7,0.077,45,18,0.33,0.23,0.99625,3.29,0.65,9.3,5
7,2,0.087,67,12,0.975,0.04,0.99565,3.35,0.6,9.4,4
8,1.7,0.07,35,10,0.52,0.03,0.99575,3.34,0.57,10,5
7.9,1.8,0.077,49,23,0.37,0.23,0.9963,3.28,0.67,9.3,5
12.5,2.4,0.064,27,5,0.56,0.49,0.9999,3.08,0.87,10.9,5
11.8,1.8,0.071,10,6,0.26,0.52,0.9968,3.2,0.72,10.2,7
8.1,3.3,0.096,61,26,0.87,0,1.00025,3.6,0.72,9.8,4
7.9,3.6,0.078,37,15,0.35,0.46,0.9973,3.35,0.86,12.8,8
6.9,3,0.077,27,7,0.54,0.04,0.9987,3.69,0.91,9.4,6
11.5,4,0.104,23,4,0.18,0.51,0.9996,3.28,0.97,10.1,6
7.9,4,0.087,61,27,0.545,0.06,0.9965,3.36,0.67,10.7,6
11.5,4,0.104,23,4,0.18,0.51,0.9996,3.28,0.97,10.1,6
10.9,4,0.071,65,17,0.37,0.58,0.99935,3.22,0.78,10.1,5
8.4,2.4,0.076,38,10,0.715,0.2,0.99735,3.31,0.64,9.4,5
7.5,7,0.088,94,27,0.65,0.18,0.99915,3.38,0.77,9.4,5
7.9,4,0.087,61,27,0.545,0.06,0.9965,3.36,0.67,10.7,6
6.9,3,0.077,27,7,0.54,0.04,0.9987,3.69,0.91,9.4,6
11.5,4,0.104,23,4,0.18,0.51,0.9996,3.28,0.97,10.1,6
10.3,6.4,0.073,13,5,0.32,0.45,0.9976,3.23,0.82,12.6,8
8.9,5.6,0.087,47,10,0.4,0.32,0.9991,3.38,0.77,10.5,7
11.4,3.6,0.071,19,6,0.26,0.44,0.9986,3.12,0.82,9.3,6
7.7,3.5,0.358,10,5,0.27,0.68,0.9972,3.25,1.08,9.9,7
7.6,3,0.067,53,12,0.52,0.12,0.9971,3.36,0.57,9.1,5
8.9,5.6,0.087,47,10,0.4,0.32,0.9991,3.38,0.77,10.5,7
9.9,3.4,0.102,71,32,0.59,0.07,1.00015,3.31,0.71,9.8,5
9.9,3.4,0.102,71,32,0.59,0.07,1.00015,3.31,0.71,9.8,5
12,2,0.073,49,25,0.45,0.55,0.9997,3.1,0.76,10.3,6
7.5,3,0.092,53,29,0.4,0.12,0.9967,3.37,0.7,10.3,6
8.7,2.5,0.091,49,20,0.52,0.09,0.9976,3.34,0.86,10.6,7
11.6,3.3,0.105,98,33,0.42,0.53,1.001,3.2,0.95,9.2,5
8.7,2.5,0.091,49,20,0.52,0.09,0.9976,3.34,0.86,10.6,7
11,2,0.343,18,6,0.2,0.48,0.9979,3.3,0.71,10.5,5
10.4,2.7,0.091,48,18,0.55,0.23,0.9994,3.22,0.64,10.3,6
6.9,2.4,0.098,16,5,0.36,0.25,0.9964,3.41,0.6,10.1,6
13.3,3.2,0.094,53,17,0.34,0.52,1.0014,3.05,0.81,9.5,6
10.8,2.5,0.073,27,5,0.5,0.46,1.0001,3.05,0.64,9.5,5
10.6,2.6,0.086,70,26,0.83,0.37,0.9981,3.16,0.52,9.9,5
7.1,2,0.083,29,8,0.63,0.06,0.99855,3.67,0.73,9.6,5
7.2,2.3,0.094,31,5,0.65,0.02,0.9993,3.67,0.8,9.7,5
6.9,2.1,0.08,33,8,0.67,0.06,0.99845,3.68,0.71,9.6,5
7.5,2.6,0.086,44,20,0.53,0.06,0.9965,3.38,0.59,10.7,6
11.1,1.5,0.068,15,7,0.18,0.48,0.9973,3.22,0.64,10.1,6
8.3,2.6,0.092,28,12,0.705,0.12,0.9994,3.51,0.72,10,5
7.4,1.6,0.186,21,5,0.67,0.12,0.996,3.39,0.54,9.5,5
8.4,2.1,0.112,90,12,0.65,0.6,0.9973,3.2,0.52,9.2,5
10.3,2.5,0.063,25,6,0.53,0.48,0.9998,3.12,0.59,9.3,6
7.6,2.2,0.082,54,7,0.62,0.32,0.9966,3.36,0.52,9.4,5
10.3,2.4,0.213,14,6,0.41,0.42,0.9994,3.19,0.62,9.5,6
10.3,2.4,0.214,12,5,0.43,0.44,0.9994,3.19,0.63,9.5,6
7.4,1.7,0.062,30,9,0.29,0.38,0.9968,3.41,0.53,9.5,6
10.3,2.5,0.063,25,6,0.53,0.48,0.9998,3.12,0.59,9.3,6
7.9,2,0.072,105,15,0.53,0.24,0.996,3.27,0.54,9.4,6
9,2.8,0.093,98,19,0.46,0.31,0.99815,3.32,0.63,9.5,6
8.6,3,0.076,135,30,0.47,0.3,0.9976,3.3,0.53,9.4,5
7.4,2.6,0.087,72,26,0.36,0.29,0.99645,3.39,0.68,11,5
7.1,2.5,0.096,53,20,0.35,0.29,0.9962,3.42,0.65,11,6
9.6,3.4,0.102,92,37,0.56,0.23,0.9996,3.3,0.65,10.1,5
9.6,2.9,0.082,74,30,0.77,0.12,0.99865,3.3,0.64,10.4,6
9.8,3.2,0.083,59,21,0.66,0.39,0.9989,3.37,0.71,11.5,7
9.6,2.9,0.082,74,30,0.77,0.12,0.99865,3.3,0.64,10.4,6
9.8,3.2,0.083,59,21,0.66,0.39,0.9989,3.37,0.71,11.5,7
9.3,3.4,0.09,87,25,0.61,0.26,0.99975,3.24,0.62,9.7,5
7.8,2.3,0.079,18,6,0.62,0.05,0.99735,3.29,0.63,9.3,5
10.3,2.8,0.09,73,35,0.59,0.42,0.999,3.28,0.7,9.5,6
10,11,0.071,50,13,0.49,0.2,1.0015,3.16,0.69,9.2,6
10,11,0.071,50,13,0.49,0.2,1.0015,3.16,0.69,9.2,6
11.6,3.65,0.121,14,6,0.53,0.66,0.9978,3.05,0.74,11.5,7
10.3,4.5,0.107,13,5,0.44,0.5,0.998,3.28,0.83,11.5,5
13.4,2.6,0.082,21,6,0.27,0.62,1.0002,3.16,0.67,9.7,6
10.7,2,0.061,15,7,0.46,0.39,0.9981,3.18,0.62,9.5,5
10.2,2.9,0.122,41,10,0.36,0.64,0.998,3.23,0.66,12.5,6
10.2,2.9,0.122,41,10,0.36,0.64,0.998,3.23,0.66,12.5,6
8,3.2,0.066,114,21,0.58,0.28,0.9973,3.22,0.54,9.4,6
8.4,2.1,0.105,44,16,0.56,0.08,0.9958,3.13,0.52,11,5
7.9,2.5,0.078,38,17,0.65,0.01,0.9963,3.34,0.74,11.7,7
11.9,3.4,0.128,21,7,0.695,0.53,0.9992,3.17,0.84,12.2,7
8.9,1.9,0.052,16,6,0.43,0.45,0.9948,3.35,0.7,12.5,6
7.8,2.8,0.08,58,29,0.43,0.32,0.9974,3.31,0.64,10.3,5
12.4,3,0.103,99,28,0.49,0.58,1.0008,3.16,1,11.5,6
12.5,2.3,0.082,29,12,0.28,0.54,0.9997,3.11,1.36,9.8,7
12.2,2.4,0.066,21,10,0.34,0.5,1,3.12,1.18,9.2,6
10.6,2.7,0.065,18,5,0.42,0.48,0.9972,3.21,0.87,11.3,6
10.9,1.8,0.118,14,6,0.39,0.47,0.9982,3.3,0.75,9.8,6
10.9,1.8,0.118,14,6,0.39,0.47,0.9982,3.3,0.75,9.8,6
11.9,2.6,0.082,32,6,0.57,0.5,1.0006,3.12,0.78,10.7,6
7,1.9,0.067,63,40,0.685,0,0.9979,3.6,0.81,9.9,5
6.6,2.7,0.072,34,17,0.815,0.02,0.9955,3.58,0.89,12.3,7
13.8,3,0.093,15,6,0.49,0.67,0.9986,3.02,0.93,12,6
9.6,2.8,0.089,46,15,0.56,0.31,0.9979,3.11,0.92,10,6
9.1,2.6,0.093,28,11,0.785,0,0.9994,3.36,0.86,9.4,6
10.7,2.7,0.107,34,17,0.67,0.22,1.0004,3.28,0.98,9.9,6
9.1,2.6,0.096,26,11,0.795,0,0.9994,3.35,0.83,9.4,6
7.7,2.4,0.09,19,8,0.665,0,0.9974,3.27,0.73,9.3,5
13.5,4.8,0.12,77,23,0.53,0.79,1.0018,3.18,0.77,13,5
6.1,1.4,0.066,165,40.5,0.21,0.4,0.9912,3.25,0.59,11.9,6
6.7,2.4,0.078,32,17,0.75,0.01,0.9955,3.55,0.61,12.8,6
11.5,3,0.08,55,29,0.41,0.52,1.0001,3.26,0.88,11,5
10.5,2.95,0.116,29,12,0.42,0.66,0.997,3.24,0.75,11.7,7
11.9,3.1,0.109,23,10,0.43,0.66,1,3.15,0.85,10.4,7
12.6,2.6,0.088,41,10,0.38,0.66,1.001,3.17,0.68,9.8,6
8.2,2,0.099,81,14,0.7,0.23,0.9973,3.19,0.7,9.4,5
8.6,2.6,0.086,50,21,0.45,0.31,0.9982,3.37,0.91,9.9,6
11.9,2.5,0.072,37,6,0.58,0.66,0.9992,3.05,0.56,10,5
12.5,2,0.071,15,6,0.46,0.63,0.9988,2.99,0.87,10.2,5
12.8,5.8,0.083,42,7,0.615,0.66,1.0022,3.07,0.73,10,7
10,3.4,0.107,21,7,0.42,0.5,0.9979,3.26,0.93,11.8,6
12.8,5.8,0.083,42,7,0.615,0.66,1.0022,3.07,0.73,10,7
10.4,2.6,0.076,24,11,0.575,0.61,1,3.16,0.69,9,5
10.3,2.8,0.159,75,15,0.34,0.52,0.9998,3.18,0.64,9.4,5
9.4,2.4,0.074,18,6,0.27,0.53,0.9962,3.2,1.13,12,7
6.9,2.3,0.063,63,35,0.765,0.02,0.9975,3.57,0.78,9.9,5
7.9,1.6,0.056,25,11,0.24,0.4,0.9967,3.32,0.87,8.7,6
9.1,1.8,0.067,46,26,0.28,0.48,0.9967,3.32,1.04,10.6,6
7.4,2.2,0.106,72,12,0.55,0.22,0.9959,3.05,0.63,9.2,5
14,3.8,0.089,47,6,0.41,0.63,1.0014,3.01,0.81,10.8,6
11.5,4.4,0.124,15,6,0.54,0.71,0.9984,3.01,0.83,11.8,7
11.5,3,0.078,47,19,0.45,0.5,1.0003,3.26,1.11,11,6
9.4,2.4,0.074,18,6,0.27,0.53,0.9962,3.2,1.13,12,7
11.4,6.2,0.088,24,6,0.625,0.66,0.9988,3.11,0.99,13.3,6
8.3,2.5,0.094,60,24,0.42,0.38,0.9979,3.31,0.7,10.8,6
8.3,2,0.08,27,11,0.26,0.42,0.9974,3.21,0.8,9.4,6
13.7,2.9,0.085,43,17,0.415,0.68,1.0014,3.06,0.8,10,6
8.3,2,0.08,27,11,0.26,0.42,0.9974,3.21,0.8,9.4,6
8.3,2,0.08,27,11,0.26,0.42,0.9974,3.21,0.8,9.4,6
7.7,2.1,0.087,54,23,0.51,0.28,0.998,3.42,0.74,9.2,5
7.4,2.4,0.09,37,11,0.63,0.07,0.9979,3.43,0.76,9.7,6
7.8,2,0.088,48,23,0.54,0.26,0.9981,3.41,0.74,9.2,6
8.3,1.9,0.079,42,17,0.66,0.15,0.9972,3.31,0.54,9.6,6
7.8,1.9,0.088,53,23,0.46,0.26,0.9981,3.43,0.74,9.2,6
9.6,2.5,0.096,49,16,0.38,0.31,0.9982,3.19,0.7,10,7
5.6,1.4,0.045,88,12,0.85,0.05,0.9924,3.56,0.82,12.9,8
13.7,2.9,0.085,43,17,0.415,0.68,1.0014,3.06,0.8,10,6
9.5,2,0.082,26,6,0.37,0.52,0.998,3.18,0.51,9.5,5
8.4,2,0.112,95,13,0.665,0.61,0.997,3.16,0.54,9.1,5
12.7,2.3,0.063,25,6,0.6,0.65,0.9997,3.03,0.57,9.9,5
12,4.2,0.066,38,7,0.37,0.76,1.0004,3.22,0.6,13,7
6.6,7.9,0.122,124,68,0.735,0.02,0.9994,3.47,0.53,9.9,5
11.5,2.6,0.087,49,13,0.59,0.59,0.9988,3.18,0.65,11,6
11.5,2.6,0.087,49,13,0.59,0.59,0.9988,3.18,0.65,11,6
8.7,2.3,0.064,42,9,0.765,0.22,0.9963,3.1,0.55,9.4,5
6.6,7.9,0.122,124,68,0.735,0.02,0.9994,3.47,0.53,9.9,5
7.7,1.7,0.059,38,20,0.26,0.3,0.9949,3.29,0.47,10.8,6
12.2,2.6,0.085,64,19,0.48,0.54,1,3.1,0.61,10.5,6
11.4,2.7,0.085,41,10,0.6,0.49,0.9994,3.15,0.63,10.5,6
7.7,2.7,0.075,27,15,0.69,0.05,0.9974,3.26,0.61,9.1,5
8.7,1.4,0.059,25,11,0.31,0.46,0.9966,3.36,0.76,10.1,6
9.8,2.5,0.063,28,9,0.44,0.47,0.9981,3.24,0.65,10.8,6
12,3,0.093,30,12,0.39,0.66,0.9996,3.18,0.63,10.8,7
10.4,3.7,0.174,16,6,0.34,0.58,0.997,3.19,0.7,11.3,6
12.5,4.5,0.07,49,26,0.46,0.49,0.9981,3.05,0.57,9.6,4
9,2.5,0.08,86,26,0.43,0.34,0.9987,3.38,0.62,9.5,6
9.1,2.4,0.08,78,23,0.45,0.35,0.9987,3.38,0.62,9.5,5
7.1,1.9,0.1,77,15,0.735,0.16,0.9966,3.27,0.64,9.3,5
9.9,6.7,0.097,19,6,0.4,0.53,0.9986,3.27,0.82,11.7,7
8.8,2.7,0.087,122,24,0.52,0.34,0.9982,3.26,0.61,9.5,5
8.6,6.6,0.117,134,31,0.725,0.24,1.0014,3.32,1.07,9.3,5
10.6,2.2,0.111,20,6,0.48,0.64,0.997,3.26,0.66,11.7,6
7,1.9,0.091,124,34,0.58,0.12,0.9956,3.44,0.48,10.5,5
11.9,2,0.121,20,7,0.38,0.51,0.9996,3.24,0.76,10.4,6
6.8,1.8,0.066,52,34,0.77,0,0.9976,3.62,0.68,9.9,5
9.5,2.4,0.089,67,35,0.56,0.33,0.9972,3.28,0.73,11.8,7
6.6,2.3,0.059,48,32,0.84,0.03,0.9952,3.52,0.56,12.3,7
7.7,2,0.047,60,15,0.96,0.2,0.9955,3.36,0.44,10.9,5
10.5,2.1,0.066,24,6,0.24,0.47,0.9978,3.15,0.9,11,7
7.7,2,0.047,60,15,0.96,0.2,0.9955,3.36,0.44,10.9,5
6.6,2.3,0.059,48,32,0.84,0.03,0.9952,3.52,0.56,12.3,7
6.4,2.1,0.045,48,19,0.67,0.08,0.9949,3.49,0.49,11.4,6
9.5,1.9,0.077,32,6,0.78,0.22,0.9988,3.26,0.56,10.6,6
9.1,1.3,0.07,30,9,0.52,0.33,0.9978,3.24,0.6,9.3,5
12.8,2.4,0.088,35,13,0.84,0.63,0.9997,3.1,0.6,10.4,6
10.5,2.1,0.066,24,6,0.24,0.47,0.9978,3.15,0.9,11,7
7.8,2.2,0.074,66,21,0.55,0.35,0.9974,3.25,0.56,9.2,5
11.9,2.3,0.078,24,12,0.37,0.69,0.9958,3,0.65,12.8,6
12.3,2.3,0.091,18,6,0.39,0.63,1.0004,3.16,0.49,9.5,5
10.4,3.2,0.076,54,22,0.41,0.55,0.9996,3.15,0.89,9.9,6
12.3,2.3,0.091,18,6,0.39,0.63,1.0004,3.16,0.49,9.5,5
8,2,0.06,62,38,0.67,0.3,0.9958,3.26,0.56,10.2,6
11.1,3.2,0.066,22,6,0.45,0.73,0.9986,3.17,0.66,11.2,6
10.4,3.2,0.076,54,22,0.41,0.55,0.9996,3.15,0.89,9.9,6
7,1.5,0.062,50,7,0.62,0.18,0.9951,3.08,0.6,9.3,5
12.6,2.2,0.072,29,6,0.31,0.72,0.9987,2.88,0.82,9.8,8
11.9,2.15,0.068,27,7,0.4,0.65,0.9988,3.06,0.68,11.3,6
15.6,3.7,0.1,43,6,0.685,0.76,1.0032,2.95,0.68,11.2,7
10,2.7,0.077,19,11,0.44,0.49,0.9963,3.23,0.63,11.6,7
5.3,1.7,0.054,27,5,0.57,0.01,0.9934,3.57,0.84,12.5,7
9.5,2.1,0.079,31,6,0.735,0.1,0.9986,3.23,0.56,10.1,6
12.5,2.6,0.081,72,31,0.38,0.6,0.9996,3.1,0.73,10.5,5
9.3,2.1,0.127,16,6,0.48,0.29,0.9968,3.22,0.72,11.2,5
8.6,2,0.1,27,7,0.53,0.22,0.9967,3.2,0.56,10.2,6
11.9,2.8,0.095,35,17,0.39,0.69,0.9994,3.1,0.61,10.8,6
11.9,2.8,0.095,35,17,0.39,0.69,0.9994,3.1,0.61,10.8,6
8.4,1.8,0.413,26,9,0.37,0.53,0.9979,3.06,1.06,9.1,6
6.8,1.7,0.084,35,18,0.56,0.03,0.9968,3.44,0.63,10,6
10.4,2.8,0.084,22,5,0.33,0.63,0.9998,3.26,0.74,11.2,7
7,1.6,0.063,67,21,0.23,0.4,0.9952,3.5,0.63,11.1,5
11.3,5.2,0.086,19,6,0.62,0.67,0.9988,3.22,0.69,13.4,8
8.9,2.3,0.095,22,5,0.59,0.39,0.9986,3.37,0.58,10.3,5
9.2,2.7,0.097,65,29,0.63,0.21,0.9988,3.28,0.58,9.6,5
10.4,2.8,0.084,22,5,0.33,0.63,0.9998,3.26,0.74,11.2,7
11.6,2.2,0.074,47,10,0.58,0.66,1.0008,3.25,0.57,9,3
9.2,2.3,0.083,23,14,0.43,0.52,0.9976,3.35,0.61,11.3,6
8.3,2.6,0.087,19,6,0.615,0.22,0.9982,3.26,0.61,9.3,5
11,2.55,0.085,25,10,0.26,0.68,0.997,3.18,0.61,11.8,5
8.1,2.2,0.098,129,25,0.66,0.7,0.9972,3.08,0.53,9,5
11.5,2.1,0.084,15,5,0.315,0.54,0.9987,2.98,0.7,9.2,6
10,2.9,0.098,26,10,0.29,0.4,1.0006,3.48,0.91,9.7,5
10.3,2,0.069,51,21,0.5,0.42,0.9982,3.16,0.72,11.5,6
8.8,2.6,0.065,18,7,0.46,0.45,0.9947,3.32,0.79,14,6
11.4,2.1,0.09,21,6,0.36,0.69,1,3.17,0.62,9.2,6
8.7,1.2,0.07,48,36,0.82,0.02,0.9952,3.2,0.58,9.8,5
13,2.6,0.093,47,15,0.32,0.65,0.9996,3.05,0.61,10.6,5
9.6,2.4,0.081,52,25,0.54,0.42,0.997,3.2,0.71,11.4,6
12.5,2.6,0.083,68,25,0.37,0.55,0.9995,3.15,0.82,10.4,6
9.9,2.1,0.062,14,5,0.35,0.55,0.9971,3.26,0.79,10.6,5
10.5,1.7,0.08,24,10,0.28,0.51,0.9982,3.2,0.89,9.4,6
9.6,2.2,0.087,28,5,0.68,0.24,0.9988,3.14,0.6,10.2,5
9.3,2,0.091,16,6,0.27,0.41,0.998,3.28,0.7,9.7,5
10.4,1.8,0.075,20,6,0.24,0.49,0.9977,3.18,1.06,11,6
9.6,2.2,0.087,28,5,0.68,0.24,0.9988,3.14,0.6,10.2,5
9.4,2.7,0.077,31,6,0.685,0.11,0.9984,3.19,0.7,10.1,6
10.6,15.5,0.069,23,6,0.28,0.39,1.0026,3.12,0.66,9.2,5
9.4,2.8,0.08,17,6,0.3,0.56,0.9964,3.15,0.92,11.7,8
10.6,2.2,0.152,18,6,0.36,0.59,0.9986,3.04,1.05,9.4,5
10.6,2.2,0.152,18,7,0.36,0.6,0.9986,3.04,1.06,9.4,5
10.6,4.1,0.114,24,6,0.44,0.68,0.997,3.06,0.66,13.4,6
10.2,1.9,0.054,17,6,0.67,0.39,0.9976,3.17,0.47,10,5
10.2,1.9,0.054,17,6,0.67,0.39,0.9976,3.17,0.47,10,5
10.2,1.8,0.053,14,5,0.645,0.36,0.9982,3.17,0.42,10,6
11.6,2.8,0.081,67,35,0.32,0.55,1.0002,3.32,0.92,10.8,7
9.3,2.6,0.073,26,10,0.39,0.4,0.9984,3.34,0.75,10.2,6
9.3,2.8,0.078,56,24,0.775,0.27,0.9984,3.31,0.67,10.6,6
9.2,2.5,0.055,25,12,0.41,0.5,0.9952,3.34,0.79,13.3,7
8.9,2.6,0.052,27,13,0.4,0.51,0.995,3.32,0.9,13.4,7
8.7,3,0.086,81,23,0.69,0.31,1.0002,3.48,0.74,11.6,6
6.5,8.3,0.051,91,28,0.39,0.23,0.9952,3.44,0.55,12.1,6
10.7,2.6,0.07,16,5,0.35,0.53,0.9972,3.15,0.65,11,8
7.8,1.9,0.081,38,14,0.52,0.25,0.9984,3.43,0.65,9,6
7.2,2.5,0.09,113,43,0.34,0.32,0.9966,3.32,0.79,11.1,5
10.7,2.6,0.07,16,5,0.35,0.53,0.9972,3.15,0.65,11,8
8.7,3,0.086,81,23,0.69,0.31,1.0002,3.48,0.74,11.6,6
7.8,1.9,0.081,38,14,0.52,0.25,0.9984,3.43,0.65,9,6
10.4,6.55,0.074,76,38,0.44,0.73,0.999,3.17,0.85,12,7
10.4,6.55,0.074,76,38,0.44,0.73,0.999,3.17,0.85,12,7
10.5,1.9,0.078,24,6,0.26,0.47,0.9976,3.18,1.04,10.9,7
10.5,1.8,0.077,22,6,0.24,0.42,0.9976,3.21,1.05,10.8,7
10.2,2.9,0.072,26,10,0.49,0.63,0.9968,3.16,0.78,12.5,7
10.4,1.8,0.075,21,6,0.24,0.46,0.9976,3.25,1.02,10.8,7
11.2,2.3,0.084,13,6,0.67,0.55,1,3.17,0.71,9.5,6
10,2.2,0.09,62,26,0.59,0.31,0.9994,3.18,0.63,10.2,6
13.3,2.8,0.084,43,23,0.29,0.75,0.9986,3.04,0.68,11.4,7
12.4,4.6,0.073,43,19,0.42,0.49,0.9978,3.02,0.61,9.5,5
10,2.2,0.09,62,26,0.59,0.31,0.9994,3.18,0.63,10.2,6
10.7,2.1,0.125,49,15,0.4,0.48,0.998,3.03,0.81,9.7,6
10.5,2.4,0.107,15,6,0.51,0.64,0.9973,3.09,0.66,11.8,7
10.5,2.4,0.107,15,6,0.51,0.64,0.9973,3.09,0.66,11.8,7
8.5,6.1,0.122,151,34,0.655,0.49,1.001,3.31,1.14,9.3,5
12.5,4.3,0.1,14,5,0.6,0.49,1.001,3.25,0.74,11.9,6
10.4,2.1,0.2,16,5,0.61,0.49,0.9994,3.16,0.63,8.4,3
10.9,2.8,0.088,32,11,0.21,0.49,0.9972,3.22,0.68,11.7,6
7.3,2.5,0.088,106,39,0.365,0.49,0.9966,3.36,0.78,11,5
9.8,2.7,0.088,33,15,0.25,0.49,0.9982,3.42,0.9,10,6
7.6,2,0.088,43,16,0.41,0.49,0.998,3.48,0.64,9.1,5
8.2,2.3,0.099,133,47,0.39,0.49,0.9979,3.38,0.99,9.8,5
9.3,2.5,0.085,142,38,0.4,0.49,0.9978,3.22,0.55,9.4,5
9.2,2.4,0.086,116,23,0.43,0.49,0.9976,3.23,0.64,9.5,5
10.4,2.8,0.105,53,29,0.64,0.24,0.9998,3.24,0.67,9.9,5
7.3,2.5,0.088,106,39,0.365,0.49,0.9966,3.36,0.78,11,5
7,2.5,0.097,85,33,0.38,0.49,0.9962,3.39,0.77,11.4,6
8.2,2.6,0.084,55,32,0.42,0.49,0.9988,3.34,0.75,8.7,6
9.9,2.4,0.077,33,6,0.63,0.24,0.9974,3.09,0.57,9.4,5
9.1,2.1,0.078,28,1,0.22,0.24,0.999,3.41,0.87,10.3,6
11.9,2.7,0.098,42,12,0.38,0.49,1.0004,3.16,0.61,10.3,5
11.9,2.7,0.098,42,12,0.38,0.49,1.0004,3.16,0.61,10.3,5
10.3,2.1,0.072,33,15,0.27,0.24,0.9956,3.22,0.66,12.8,6
10,2.7,0.102,32,13,0.48,0.24,1,3.28,0.56,10,6
9.1,2.1,0.078,28,1,0.22,0.24,0.999,3.41,0.87,10.3,6
9.9,2.4,0.077,33,6,0.63,0.24,0.9974,3.09,0.57,9.4,5
8.1,2.1,0.084,13,5,0.825,0.24,0.9972,3.37,0.77,10.7,6
12.9,5.8,0.066,35,5,0.35,0.49,1.0014,3.2,0.66,12,7
11.2,5.15,0.1,17,5,0.5,0.74,0.9996,3.22,0.62,11.2,5
9.2,3.3,0.101,47,20,0.59,0.24,0.9988,3.26,0.67,9.6,5
9.5,6.3,0.064,17,5,0.46,0.49,0.9988,3.21,0.73,11,6
9.3,2.1,0.07,20,5,0.715,0.24,0.9966,3.12,0.59,9.9,5
11.2,2.5,0.085,53,16,0.66,0.24,0.9993,3.06,0.72,11,6
14.3,1.8,0.075,15,6,0.31,0.74,1.0008,2.86,0.79,8.4,6
9.1,2.6,0.094,106,38,0.47,0.49,0.9982,3.08,0.59,9.1,5
7.5,2,0.078,28,10,0.55,0.24,0.9983,3.45,0.78,9.5,6
10.6,2.5,0.067,21,6,0.31,0.49,0.9987,3.26,0.86,10.7,6
12.4,2.6,0.079,69,27,0.35,0.49,0.9994,3.12,0.75,10.4,6
9,1.9,0.171,25,6,0.53,0.49,0.9975,3.27,0.61,9.4,6
6.8,2.1,0.074,25,9,0.51,0.01,0.9958,3.33,0.56,9.5,6
9.4,2.8,0.092,45,14,0.43,0.24,0.998,3.19,0.73,10,6
9.5,2.7,0.092,44,14,0.46,0.24,0.998,3.12,0.74,10,6
5,1.6,0.05,96,32,1.04,0.24,0.9934,3.74,0.62,11.5,5
15.5,4.2,0.095,23,10,0.645,0.49,1.00315,2.92,0.74,11.1,5
15.5,4.2,0.095,23,10,0.645,0.49,1.00315,2.92,0.74,11.1,5
10.9,4.6,0.118,17,10,0.53,0.49,1.0002,3.07,0.56,11.7,6
15.6,4.2,0.095,23,10,0.645,0.49,1.00315,2.92,0.74,11.1,5
10.9,4.6,0.118,17,10,0.53,0.49,1.0002,3.07,0.56,11.7,6
13,4.3,0.085,47,6,0.47,0.49,1.0021,3.3,0.68,12.7,6
12.7,2.8,0.075,19,5,0.6,0.49,0.9994,3.14,0.57,11.4,5
9,2.4,0.078,121,26,0.44,0.49,0.9978,3.23,0.58,9.2,5
9,2.9,0.094,110,41,0.54,0.49,0.9982,3.08,0.61,9.2,5
7.6,2.7,0.092,60,25,0.29,0.49,0.9971,3.31,0.61,10.1,6
13,4.3,0.085,47,6,0.47,0.49,1.0021,3.3,0.68,12.7,6
12.7,2.8,0.075,19,5,0.6,0.49,0.9994,3.14,0.57,11.4,5
8.7,2.5,0.226,15,5,0.7,0.24,0.9991,3.32,0.6,9,6
8.7,2.5,0.226,15,5,0.7,0.24,0.9991,3.32,0.6,9,6
9.8,2.6,0.25,20,5,0.5,0.49,0.999,3.31,0.79,10.7,6
6.2,2.2,0.095,42,19,0.36,0.24,0.9946,3.57,0.57,11.7,6
11.5,3.3,0.07,37,10,0.35,0.49,1.0003,3.32,0.91,11,6
6.2,2.2,0.095,42,19,0.36,0.24,0.9946,3.57,0.57,11.7,6
10.2,2.4,0.075,28,10,0.24,0.49,0.9978,3.14,0.61,10.4,5
10.5,2.1,0.07,47,14,0.59,0.49,0.9991,3.3,0.56,9.6,4
10.6,3.2,0.078,78,20,0.34,0.49,0.9992,3.19,0.7,10,6
12.3,3.1,0.079,46,28,0.27,0.49,0.9993,3.2,0.8,10.2,6
9.9,2.3,0.103,14,6,0.5,0.24,0.9978,3.34,0.52,10,4
8.8,2.8,0.083,111,18,0.44,0.49,0.9982,3.3,0.6,9.5,5
8.8,2.9,0.085,110,17,0.47,0.49,0.9982,3.29,0.6,9.8,5
10.6,2.2,0.063,40,18,0.31,0.49,0.9976,3.14,0.51,9.8,6
12.3,2.2,0.089,14,5,0.5,0.49,1.0002,3.19,0.44,9.6,5
12.3,2.2,0.089,14,5,0.5,0.49,1.0002,3.19,0.44,9.6,5
11.7,2.2,0.083,15,5,0.49,0.49,1,3.19,0.43,9.2,5
12,1.9,0.074,21,10,0.28,0.49,0.9976,2.98,0.66,9.9,7
11.8,3.4,0.093,80,54,0.33,0.49,1.0002,3.3,0.76,10.7,7
7.6,2.4,0.091,38,8,0.51,0.24,0.998,3.47,0.66,9.6,6
11.1,2.7,0.094,47,16,0.31,0.49,0.9986,3.12,1.02,10.6,7
7.3,1.9,0.108,102,18,0.73,0.24,0.9967,3.26,0.59,9.3,5
5,2,0.06,50,19,0.42,0.24,0.9917,3.72,0.74,14,8
10.2,2.6,0.059,13,5,0.29,0.49,0.9976,3.05,0.74,10.5,7
9,2.6,0.084,75,21,0.45,0.49,0.9987,3.35,0.57,9.7,5
6.6,1.7,0.07,149,23,0.39,0.49,0.9922,3.12,0.5,11.5,6
9,2.6,0.084,75,21,0.45,0.49,0.9987,3.35,0.57,9.7,5
9.9,3.5,0.094,43,9,0.49,0.58,1.0004,3.29,0.58,9,5
7.9,2.6,0.096,38,20,0.72,0.17,0.9978,3.4,0.53,9.5,5
8.9,7.9,0.086,109,30,0.595,0.41,0.9998,3.27,0.57,9.3,5
12.4,2,0.059,24,6,0.4,0.51,0.9994,3.04,0.6,9.3,6
11.9,1.9,0.071,18,5,0.58,0.58,0.998,3.09,0.63,10,6
8.5,2.1,0.078,30,5,0.585,0.18,0.9967,3.2,0.48,9.8,6
12.7,2.3,0.082,22,11,0.59,0.45,1,3,0.7,9.3,6
8.2,2.1,0.088,23,7,0.915,0.27,0.9962,3.26,0.47,10,4
13.2,2.2,0.071,35,12,0.46,0.52,1.0006,3.1,0.56,9,6
7.7,2.6,0.081,14,6,0.835,0,0.9975,3.3,0.52,9.3,5
13.2,2.2,0.071,35,12,0.46,0.52,1.0006,3.1,0.56,9,6
8.3,2.9,0.096,63,14,0.58,0.13,0.9984,3.17,0.62,9.1,6
8.3,2.6,0.085,24,6,0.6,0.13,0.9984,3.31,0.59,9.2,6
9.4,4.6,0.072,20,10,0.41,0.48,0.9973,3.34,0.79,12.2,7
8.8,3.3,0.092,52,26,0.48,0.41,0.9982,3.31,0.53,10.5,6
10.1,5.1,0.11,65,11,0.65,0.37,1.0026,3.32,0.64,10.4,6
6.3,3.2,0.075,39,15,0.36,0.19,0.9956,3.56,0.52,12.7,6
8.8,2.5,0.083,57,25,0.24,0.54,0.9983,3.39,0.54,9.2,5
13.2,2.7,0.081,16,5,0.38,0.55,1.0006,2.98,0.54,9.4,5
7.5,2.4,0.077,29,18,0.64,0,0.9965,3.32,0.6,10,6
8.2,1.5,0.058,29,10,0.39,0.38,0.9962,3.26,0.74,9.8,5
9.2,2.2,0.148,103,10,0.755,0.18,0.9969,2.87,1.36,10.2,6
9.6,2.3,0.079,71,28,0.6,0.5,0.9997,3.5,0.57,9.7,5
9.6,2.3,0.079,71,28,0.6,0.5,0.9997,3.5,0.57,9.7,5
11.5,2.2,0.079,28,14,0.31,0.51,0.9982,3.03,0.93,9.8,6
11.4,2.7,0.122,17,4,0.46,0.5,1.0006,3.13,0.7,10.2,5
11.3,2.3,0.088,16,6,0.37,0.41,0.9988,3.09,0.8,9.3,5
8.3,3.4,0.076,112,16,0.54,0.24,0.9976,3.27,0.61,9.4,5
8.2,3.4,0.078,104,14,0.56,0.23,0.9976,3.28,0.62,9.4,5
10,1.9,0.08,32,9,0.58,0.22,0.9974,3.13,0.55,9.5,5
7.9,2.9,0.077,45,21,0.51,0.25,0.9974,3.49,0.96,12.1,6
6.8,5.6,0.124,58,21,0.69,0,0.9997,3.46,0.72,10.2,5
6.8,5.6,0.124,58,21,0.69,0,0.9997,3.46,0.72,10.2,5
8.8,2.2,0.098,15,5,0.6,0.29,0.9988,3.36,0.49,9.1,5
8.8,2.2,0.098,15,5,0.6,0.29,0.9988,3.36,0.49,9.1,5
8.7,2.5,0.097,31,7,0.54,0.26,0.9976,3.27,0.6,9.3,6
7.6,2.3,0.111,84,20,0.685,0.23,0.9964,3.21,0.61,9.3,5
8.7,2.5,0.097,31,7,0.54,0.26,0.9976,3.27,0.6,9.3,6
10.4,2.7,0.105,19,5,0.28,0.54,0.9988,3.25,0.63,9.5,5
7.6,3,0.087,43,21,0.41,0.14,0.9964,3.32,0.57,10.5,6
10.1,3.4,0.105,86,11,0.935,0.22,1.001,3.43,0.64,11.3,4
7.9,1.9,0.073,102,46,0.35,0.21,0.9964,3.27,0.58,9.5,5
8.7,1.4,0.065,33,24,0.84,0,0.9954,3.27,0.55,9.7,5
9.6,2.4,0.086,147,30,0.88,0.28,0.9979,3.24,0.53,9.4,5
9.5,2.3,0.084,145,31,0.885,0.27,0.9978,3.24,0.53,9.4,5
7.7,2.2,0.143,23,7,0.915,0.12,0.9964,3.35,0.65,10.2,7
8.9,1.9,0.067,57,25,0.29,0.35,0.997,3.18,1.36,10.3,6
9.9,2.3,0.071,40,16,0.54,0.45,0.9991,3.39,0.62,9.4,5
9.5,2.3,0.071,68,21,0.59,0.44,0.9992,3.46,0.63,9.5,5
9.9,2.3,0.071,40,16,0.54,0.45,0.9991,3.39,0.62,9.4,5
9.5,2.3,0.071,68,21,0.59,0.44,0.9992,3.46,0.63,9.5,5
9.9,2.3,0.071,40,16,0.54,0.45,0.9991,3.39,0.62,9.4,5
7.8,6,0.115,11,5,0.64,0.1,0.9984,3.37,0.69,10.1,7
7.3,3.6,0.107,20,6,0.67,0.05,0.9972,3.4,0.63,10.1,5
8.3,2.2,0.07,14,5,0.845,0.01,0.9967,3.32,0.58,11,4
8.7,2.8,0.066,28,10,0.48,0.3,0.9964,3.33,0.67,11.2,7
6.7,8.6,0.068,148,24,0.42,0.27,0.9948,3.16,0.57,11.3,6
10.7,2.2,0.106,32,8,0.43,0.39,0.9986,2.89,0.5,9.6,5
9.8,2.5,0.104,155,35,0.88,0.25,1.001,3.41,0.67,11.2,5
15.9,7.5,0.096,71,22,0.36,0.65,0.9976,2.98,0.84,14.9,5
9.4,2.8,0.079,30,9,0.33,0.59,0.9976,3.12,0.54,12,6
8.6,2.4,0.074,29,7,0.47,0.47,0.9979,3.08,0.46,9.5,5
9.7,2.9,0.087,53,20,0.55,0.17,1.0004,3.14,0.61,9.4,5
10.7,2.2,0.106,32,8,0.43,0.39,0.9986,2.89,0.5,9.6,5
12,1.4,0.073,42,23,0.5,0.59,0.998,2.92,0.68,10.5,7
7.2,1.4,0.074,20,5,0.52,0.07,0.9973,3.32,0.81,9.6,6
7.1,4.4,0.096,13,5,0.84,0.02,0.997,3.41,0.57,11,4
7.2,1.4,0.074,20,5,0.52,0.07,0.9973,3.32,0.81,9.6,6
7.5,1.6,0.08,42,15,0.42,0.31,0.9978,3.31,0.64,9,5
7.2,1.6,0.076,27,9,0.57,0.06,0.9972,3.36,0.7,9.6,6
10.1,1.8,0.05,13,5,0.28,0.46,0.9974,3.04,0.79,10.2,6
12.1,2,0.092,54,15,0.4,0.52,1,3.03,0.66,10.2,5
9.4,2,0.084,48,25,0.59,0.14,0.9981,3.14,0.56,9.7,5
8.3,1.8,0.222,16,6,0.49,0.36,0.998,3.18,0.6,9.5,6
11.3,2,0.082,15,6,0.34,0.45,0.9988,2.94,0.66,9.2,6
10,2.3,0.059,31,15,0.73,0.43,0.9966,3.15,0.57,11,5
11.3,2,0.082,15,6,0.34,0.45,0.9988,2.94,0.66,9.2,6
6.9,2.5,0.083,45,30,0.4,0.24,0.9959,3.26,0.58,10,5
8.2,1.7,0.074,13,5,0.73,0.21,0.9968,3.2,0.52,9.5,5
9.8,2,0.079,151,32,1.24,0.34,0.998,3.15,0.53,9.5,5
8.2,1.7,0.074,13,5,0.73,0.21,0.9968,3.2,0.52,9.5,5
10.8,2.2,0.084,17,7,0.4,0.41,0.9984,3.08,0.67,9.3,6
9.3,2.2,0.064,31,12,0.41,0.39,0.9984,3.26,0.65,10.2,5
10.8,2.2,0.084,17,7,0.4,0.41,0.9984,3.08,0.67,9.3,6
8.6,2.3,0.084,31,12,0.8,0.11,0.9979,3.4,0.48,9.9,5
8.3,2.6,0.081,87,45,0.78,0.1,0.9983,3.48,0.53,10,5
10.8,3.3,0.06,49,20,0.26,0.45,0.9972,3.13,0.54,9.6,5
13.3,1.9,0.07,40,15,0.43,0.58,1.0004,3.06,0.49,9,5
8,2.2,0.094,29,16,0.45,0.23,0.9962,3.21,0.49,10.2,6
8.5,2.25,0.078,58,32,0.46,0.31,0.998,3.33,0.54,9.8,5
8.1,2.6,0.059,15,5,0.78,0.23,0.997,3.37,0.56,11.3,5
9.8,2.3,0.078,152,35,0.98,0.32,0.998,3.25,0.48,9.4,5
8.1,2.6,0.059,15,5,0.78,0.23,0.997,3.37,0.56,11.3,5
7.1,1.8,0.07,40,13,0.65,0.18,0.997,3.44,0.6,9.1,5
9.1,3.1,0.095,38,13,0.64,0.23,0.9998,3.28,0.59,9.7,5
7.7,1.6,0.039,9,4,0.66,0.04,0.9962,3.4,0.47,9.4,5
8.1,1.8,0.157,17,5,0.38,0.48,0.9976,3.3,1.05,9.4,5
7.4,4.25,0.097,14,5,1.185,0,0.9966,3.63,0.54,10.7,3
9.2,2.6,0.087,93,12,0.92,0.24,0.9998,3.48,0.54,9.8,5
8.6,2,0.422,62,16,0.49,0.51,0.9979,3.03,1.17,9,5
9,2.8,0.084,122,21,0.48,0.32,0.9984,3.32,0.62,9.4,5
9,2.7,0.084,125,24,0.47,0.31,0.9984,3.31,0.61,9.4,5
5.1,1.3,0.034,44,18,0.47,0.02,0.9921,3.9,0.62,12.8,6
7,2.1,0.066,25,8,0.65,0.02,0.9972,3.47,0.67,9.5,6
7,2.1,0.066,25,8,0.65,0.02,0.9972,3.47,0.67,9.5,6
9.4,3.2,0.087,72,18,0.615,0.28,1.0001,3.31,0.53,9.7,5
11.8,2.1,0.071,19,5,0.38,0.55,0.9986,3.11,0.62,10.8,6
10.6,2.9,0.076,88,26,1.02,0.43,0.9984,3.08,0.57,10.1,6
7,2.1,0.066,25,8,0.65,0.02,0.9972,3.47,0.67,9.5,6
7,2.1,0.067,23,9,0.64,0.02,0.997,3.47,0.67,9.4,6
7.5,2.6,0.073,84,22,0.38,0.48,0.9972,3.32,0.7,9.6,4
9.1,1.6,0.078,14,4,0.765,0.04,0.998,3.29,0.54,9.7,4
8.4,6,0.073,54,11,1.035,0.15,0.999,3.37,0.49,9.9,5
7,2,0.093,19,10,0.78,0.08,0.9956,3.4,0.47,10,5
7.4,3,0.077,37,16,0.49,0.19,0.9966,3.37,0.51,10.5,5
7.8,2.5,0.068,35,11,0.545,0.12,0.996,3.34,0.61,11.6,6
9.7,1.6,0.062,33,13,0.31,0.47,0.9983,3.27,0.66,10,6
10.6,2.8,0.08,84,21,1.025,0.43,0.9985,3.06,0.57,10.1,5
8.9,3,0.093,112,16,0.565,0.34,0.9998,3.38,0.61,9.5,5
8.7,3.2,0.084,33,13,0.69,0,0.9992,3.36,0.45,9.4,5
8,2.3,0.075,48,10,0.43,0.36,0.9976,3.34,0.46,9.4,5
9.9,2.6,0.078,77,21,0.74,0.28,0.998,3.28,0.51,9.8,5
7.2,2.7,0.069,34,13,0.49,0.18,0.9967,3.29,0.48,9.2,6
8,2.3,0.075,48,10,0.43,0.36,0.9976,3.34,0.46,9.4,5
7.6,2.6,0.079,49,12,0.46,0.11,0.9968,3.21,0.57,10,5
8.4,2,0.082,22,10,0.56,0.04,0.9976,3.22,0.44,9.6,5
7.1,3.9,0.086,45,17,0.66,0,0.9976,3.46,0.54,9.5,5
8.4,2,0.082,22,10,0.56,0.04,0.9976,3.22,0.44,9.6,5
8.9,2.85,0.094,106,35,0.48,0.24,0.9982,3.1,0.53,9.2,5
7.6,2.7,0.084,48,15,0.42,0.08,0.9968,3.21,0.59,10,5
7.1,2.2,0.053,127,36,0.31,0.3,0.9965,2.94,1.62,9.5,5
7.5,3.1,0.086,12,5,1.115,0.1,0.9958,3.54,0.6,11.2,4
9,3,0.077,13,5,0.66,0.17,0.9976,3.29,0.55,10.4,5
8.1,2.8,0.084,49,18,0.72,0.09,0.9994,3.43,0.72,11.1,6
6.4,1.8,0.067,11,4,0.57,0.02,0.997,3.46,0.68,9.5,5
6.4,1.8,0.067,11,4,0.57,0.02,0.997,3.46,0.68,9.5,5
6.4,3.2,0.071,58,27,0.865,0.03,0.995,3.61,0.49,12.7,6
9.5,2.3,0.387,37,12,0.55,0.66,0.9982,3.17,0.67,9.6,5
8.9,3.45,0.088,14,4,0.875,0.13,0.9994,3.44,0.52,11.5,5
7.3,2.1,0.092,19,10,0.835,0.03,0.9966,3.39,0.47,9.6,5
7,2.7,0.082,72,16,0.45,0.34,0.998,3.55,0.6,9.5,5
7.7,2,0.075,39,9,0.56,0.2,0.9987,3.48,0.62,9.3,5
7.7,2.1,0.112,22,11,0.965,0.1,0.9963,3.26,0.5,9.5,5
7.7,2.1,0.112,22,11,0.965,0.1,0.9963,3.26,0.5,9.5,5
8.2,2.5,0.093,58,19,0.59,0,1.0002,3.5,0.65,9.3,6
9,2.8,0.092,104,28,0.46,0.23,0.9983,3.1,0.56,9.2,5
9,2.4,0.088,38,19,0.69,0,0.999,3.35,0.6,9.3,5
8.3,4.2,0.075,16,12,0.76,0.29,0.9965,3.45,0.68,11.5,6
9.2,2.6,0.078,139,28,0.53,0.24,0.99788,3.21,0.57,9.5,5
6.5,1.9,0.065,18,9,0.615,0,0.9972,3.46,0.65,9.2,5
11.6,2.8,0.096,101,25,0.41,0.58,1.00024,3.13,0.53,10,5
11.1,2.7,0.095,101,21,0.39,0.54,1.0001,3.13,0.51,9.5,5
7.3,2.1,0.07,28,12,0.51,0.18,0.99768,3.52,0.73,9.5,6
8.2,2.5,0.08,57,12,0.34,0.38,0.9978,3.3,0.47,9,6
8.6,2.6,0.083,68,16,0.33,0.4,0.99782,3.3,0.48,9.4,5
7.2,2.1,0.071,31,12,0.5,0.18,0.99761,3.52,0.72,9.6,6
7.3,2.1,0.07,28,12,0.51,0.18,0.99768,3.52,0.73,9.5,6
8.3,2.9,0.089,40,17,0.65,0.1,0.99803,3.29,0.55,9.5,5
8.3,2.9,0.089,40,17,0.65,0.1,0.99803,3.29,0.55,9.5,5
7.6,2.5,0.097,66,24,0.54,0.13,0.99785,3.39,0.61,9.4,5
8.3,2.9,0.089,40,17,0.65,0.1,0.99803,3.29,0.55,9.5,5
7.8,1.7,0.415,32,14,0.48,0.68,0.99656,3.09,1.06,9.1,6
7.8,1.9,0.058,47,22,0.91,0.07,0.99525,3.51,0.43,10.7,6
6.3,2,0.057,33,15,0.98,0.01,0.99488,3.6,0.46,11.2,6
8.1,2.2,0.084,31,10,0.87,0,0.99656,3.25,0.5,9.8,5
8.1,2.2,0.084,31,10,0.87,0,0.99656,3.25,0.5,9.8,5
8.8,2.5,0.092,88,33,0.42,0.21,0.99823,3.19,0.52,9.2,5
9,2.8,0.075,104,9,0.58,0.25,0.99779,3.23,0.57,9.7,5
9.3,2,0.096,35,5,0.655,0.26,0.99738,3.25,0.42,9.6,5
8.8,1.7,0.069,19,8,0.7,0,0.99701,3.31,0.53,10,6
9.3,2,0.096,35,5,0.655,0.26,0.99738,3.25,0.42,9.6,5
9.1,2.8,0.093,44,11,0.68,0.11,0.99888,3.31,0.55,9.5,6
9.2,3,0.091,48,12,0.67,0.1,0.99888,3.31,0.54,9.5,6
8.8,2.9,0.089,74,12,0.59,0.18,0.99738,3.14,0.54,9.4,5
7.5,2.7,0.103,98,13,0.6,0.32,0.99938,3.45,0.62,9.5,5
7.1,2.3,0.082,94,24,0.59,0.02,0.99744,3.55,0.53,9.7,6
7.9,1.9,0.076,32,7,0.72,0.01,0.99668,3.39,0.54,9.6,5
7.1,2.3,0.082,94,24,0.59,0.02,0.99744,3.55,0.53,9.7,6
9.4,2.4,0.082,143,23,0.685,0.26,0.9978,3.28,0.55,9.4,5
9.5,2.3,0.082,144,23,0.57,0.27,0.99782,3.27,0.55,9.4,5
7.9,1.8,0.157,44,1,0.4,0.29,0.9973,3.3,0.92,9.5,6
7.9,1.8,0.157,45,2,0.4,0.3,0.99727,3.31,0.91,9.5,6
7.2,3,0.102,16,7,1,0,0.99586,3.43,0.46,10,5
6.9,2.4,0.243,48,5.5,0.765,0.18,0.99612,3.4,0.6,10.3,6
6.9,2.4,0.241,18,6,0.635,0.17,0.9961,3.4,0.59,10.3,6
8.3,3.4,0.079,34,7,0.43,0.3,0.99788,3.36,0.61,10.5,5
7.1,2.6,0.076,92,21,0.52,0.03,0.99745,3.5,0.6,9.8,5
7,2,0.19,45,12,0.57,0,0.99676,3.31,0.6,9.4,6
6.5,2.4,0.114,37,9,0.46,0.14,0.99732,3.66,0.65,9.8,5
9,2.4,0.081,96,26,0.82,0.05,0.99814,3.36,0.53,10,5
6.5,2.4,0.114,37,9,0.46,0.14,0.99732,3.66,0.65,9.8,5
7.1,2.5,0.077,85,20,0.59,0.01,0.99746,3.55,0.59,9.8,5
9.9,2.3,0.083,61,11,0.35,0.41,0.9982,3.21,0.5,9.5,5
9.9,2.3,0.083,61,11,0.35,0.41,0.9982,3.21,0.5,9.5,5
10,2.2,0.079,58,19,0.56,0.24,0.9991,3.18,0.56,10.1,6
10,2.2,0.079,58,19,0.56,0.24,0.9991,3.18,0.56,10.1,6
8.6,2.9,0.099,119,21,0.63,0.17,0.998,3.09,0.52,9.3,5
7.4,2.6,0.082,82,18,0.37,0.43,0.99708,3.33,0.68,9.7,6
8.8,2.9,0.084,130,25,0.64,0.17,0.99818,3.23,0.54,9.6,5
7.1,2.5,0.081,87,17,0.61,0.02,0.99745,3.48,0.6,9.7,6
7.7,2.6,0.055,13,7,0.6,0,0.99639,3.38,0.56,10.8,5
10.1,2.3,0.065,26,7,0.27,0.54,0.99531,3.17,0.53,12.5,6
10.8,2.6,0.132,60,7,0.89,0.3,0.99786,2.99,1.18,10.2,5
8.7,2.5,0.126,64,24,0.46,0.31,0.99746,3.1,0.74,9.6,5
9.3,1.6,0.038,42,21,0.37,0.44,0.99526,3.24,0.81,10.8,7
9.4,3.6,0.082,14,5,0.5,0.34,0.9987,3.29,0.52,10.7,6
9.4,3.6,0.082,14,5,0.5,0.34,0.9987,3.29,0.52,10.7,6
7.2,4,0.082,108,26,0.61,0.08,0.99641,3.25,0.51,9.4,5
8.6,3.3,0.068,17,8,0.55,0.09,0.99735,3.23,0.44,10,5
5.1,1.7,0.044,86,14,0.585,0,0.99264,3.56,0.94,12.9,7
7.7,2.5,0.114,46,14,0.56,0.08,0.9971,3.24,0.66,9.6,6
8.4,2.7,0.084,18,4,0.52,0.22,0.99682,3.26,0.57,9.9,6
8.2,2.4,0.052,10,4,0.28,0.4,0.99356,3.33,0.7,12.8,7
8.4,2,0.041,10,4,0.25,0.39,0.99386,3.27,0.71,12.5,7
8.2,2.4,0.052,10,4,0.28,0.4,0.99356,3.33,0.7,12.8,7
7.4,1.9,0.165,12,4,0.53,0.12,0.99702,3.26,0.86,9.2,5
7.6,2.8,0.07,15,4,0.48,0.31,0.99693,3.22,0.55,10.3,6
7.3,2.6,0.068,14,4,0.49,0.1,0.99562,3.3,0.47,10.5,5
12.9,2.8,0.072,24,7,0.5,0.55,1.00012,3.09,0.68,10.9,6
10.8,2.5,0.099,38,20,0.45,0.33,0.99818,3.24,0.71,10.8,5
6.9,2.1,0.102,7,4,0.39,0.24,0.99462,3.44,0.58,11.4,4
12.6,2.8,0.103,41,19,0.41,0.54,0.99939,3.21,0.76,11.3,6
10.8,2.5,0.099,38,20,0.45,0.33,0.99818,3.24,0.71,10.8,5
9.8,3.2,0.081,30,8,0.51,0.19,0.9984,3.23,0.58,10.5,6
10.8,1.6,0.084,27,19,0.29,0.42,0.99545,3.28,0.73,11.9,6
7.1,2.35,0.071,47,21,0.715,0,0.99632,3.29,0.45,9.4,5
9.1,3.2,0.097,59,9,0.66,0.15,0.99976,3.28,0.54,9.6,5
7,1.9,0.099,22,9,0.685,0,0.99606,3.34,0.6,9.7,5
4.9,2.1,0.048,42,16,0.42,0,0.99154,3.71,0.74,14,7
6.7,2,0.076,36,15,0.54,0.13,0.9973,3.61,0.64,9.8,5
6.7,2,0.076,36,15,0.54,0.13,0.9973,3.61,0.64,9.8,5
7.1,2.8,0.068,16,6,0.48,0.28,0.99682,3.24,0.53,10.3,5
7.1,2.8,0.076,37,15,0.46,0.14,0.99624,3.36,0.49,10.7,5
7.5,2.3,0.05,8,4,0.27,0.34,0.9951,3.4,0.64,11,7
7.1,2.8,0.076,37,15,0.46,0.14,0.99624,3.36,0.49,10.7,5
7.8,2.3,0.065,45,34,0.57,0.09,0.99417,3.46,0.74,12.7,8
5.9,2.1,0.071,24,16,0.61,0.08,0.99376,3.56,0.77,11.1,6
7.5,2.5,0.058,9,5,0.685,0.07,0.99632,3.38,0.55,10.9,4
5.9,2.1,0.071,24,16,0.61,0.08,0.99376,3.56,0.77,11.1,6
10.4,1.5,0.145,48,34,0.44,0.42,0.99832,3.38,0.86,9.9,3
11.6,1.6,0.147,51,36,0.47,0.44,0.99836,3.38,0.86,9.9,4
8.8,1.6,0.088,23,16,0.685,0.26,0.99694,3.32,0.47,9.4,5
7.6,1.5,0.066,55,27,0.665,0.1,0.99655,3.39,0.51,9.3,5
6.7,2.4,0.012,100,36,0.28,0.28,0.99064,3.26,0.39,11.7,7
6.7,2.4,0.012,100,36,0.28,0.28,0.99064,3.26,0.39,11.7,7
10.1,1.6,0.075,28,9,0.31,0.35,0.99672,3.24,0.83,11.2,7
6,2.2,0.092,26,13,0.5,0.04,0.99647,3.46,0.47,10,5
11.1,2.65,0.085,34,9,0.42,0.47,0.99736,3.24,0.77,12.1,7
6.6,3,0.115,31,21,0.66,0,0.99629,3.45,0.63,10.3,5
10.6,2.6,0.119,68,34,0.5,0.45,0.99708,3.23,0.72,10.9,6
7.1,2,0.088,92,9,0.685,0.35,0.9963,3.28,0.62,9.4,5
9.9,1.7,0.062,42,26,0.25,0.46,0.9959,3.18,0.83,10.6,6
6.4,1.8,0.081,31,14,0.64,0.21,0.99689,3.59,0.66,9.8,5
6.4,1.8,0.081,31,14,0.64,0.21,0.99689,3.59,0.66,9.8,5
7.4,1.8,0.078,39,12,0.68,0.16,0.9977,3.5,0.7,9.9,6
6.4,1.8,0.081,31,14,0.64,0.21,0.99689,3.59,0.66,9.8,5
6.4,1.6,0.08,32,12,0.63,0.21,0.99689,3.58,0.66,9.8,5
9.3,1.9,0.085,22,9,0.43,0.44,0.99708,3.28,0.55,9.5,5
9.3,1.9,0.085,22,9,0.43,0.44,0.99708,3.28,0.55,9.5,5
8,2.5,0.08,122,26,0.42,0.32,0.99801,3.22,1.07,9.7,5
9.3,1.5,0.08,55,41,0.36,0.39,0.99652,3.47,0.73,10.9,6
9.3,1.5,0.08,55,41,0.36,0.39,0.99652,3.47,0.73,10.9,6
7.6,2.5,0.071,14,10,0.735,0.02,0.99538,3.51,0.71,11.7,7
9.3,1.5,0.08,55,41,0.36,0.39,0.99652,3.47,0.73,10.9,6
8.2,2.5,0.073,47,16,0.26,0.34,0.99594,3.4,0.78,11.3,7
11.7,1.7,0.054,32,17,0.28,0.47,0.99686,3.15,0.67,10.6,7
6.8,1.8,0.074,24,15,0.56,0.22,0.99438,3.4,0.82,11.2,6
7.2,2.7,0.077,85,15,0.62,0.06,0.99746,3.51,0.54,9.5,5
5.8,2,0.039,88,15,1.01,0.66,0.99357,3.66,0.6,11.5,6
7.5,2.7,0.067,25,7,0.42,0.32,0.99628,3.24,0.44,10.4,5
7.2,2.5,0.078,84,17,0.62,0.06,0.99746,3.51,0.53,9.7,5
7.2,2.7,0.077,85,15,0.62,0.06,0.99746,3.51,0.54,9.5,5
7.2,2.6,0.077,86,16,0.635,0.07,0.99748,3.51,0.54,9.7,5
6.8,2.3,0.071,24,13,0.49,0.22,0.99438,3.41,0.83,11.3,6
6.9,2,0.072,22,13,0.51,0.23,0.99438,3.4,0.84,11.2,6
6.8,1.8,0.074,24,15,0.56,0.22,0.99438,3.4,0.82,11.2,6
7.6,2,0.08,43,27,0.63,0.03,0.99578,3.44,0.64,10.9,6
7.7,2.1,0.064,43,31,0.715,0.01,0.99371,3.41,0.57,11.8,6
6.9,1.5,0.086,46,36,0.56,0.03,0.99522,3.53,0.57,10.6,5
7.3,2,0.067,48,28,0.35,0.24,0.99576,3.43,0.54,10,4
9.1,1.6,0.067,10,6,0.21,0.37,0.99552,3.23,0.58,11.1,7
10.4,2.1,0.104,10,6,0.38,0.46,0.99664,3.12,0.65,11.8,7
8.8,2.8,0.109,16,7,0.31,0.4,0.99614,3.31,0.79,11.8,7
7.1,2.2,0.067,14,7,0.47,0,0.99517,3.4,0.58,10.9,4
7.7,2.1,0.064,43,31,0.715,0.01,0.99371,3.41,0.57,11.8,6
8.8,4,0.094,69,30,0.61,0.19,0.99787,3.22,0.5,10,6
7.2,2.5,0.076,88,18,0.6,0.04,0.99745,3.53,0.55,9.5,5
9.2,1.6,0.078,21,10,0.56,0.18,0.99576,3.15,0.49,9.9,5
7.6,2.1,0.068,35,30,0.715,0,0.99533,3.48,0.65,11.4,6
8.4,3.1,0.194,26,14,0.31,0.29,0.99536,3.22,0.78,12,6
7.2,2.5,0.076,88,18,0.6,0.04,0.99745,3.53,0.55,9.5,5
8.8,4,0.094,69,30,0.61,0.19,0.99787,3.22,0.5,10,6
8.9,2.5,0.086,30,9,0.75,0.14,0.99824,3.34,0.64,10.5,5
9,2.4,0.083,28,8,0.8,0.12,0.99836,3.33,0.65,10.4,6
10.7,2.6,0.066,56,29,0.52,0.38,0.99577,3.15,0.79,12.1,7
6.8,2.5,0.072,64,32,0.57,0,0.99491,3.43,0.56,11.2,6
10.7,6.6,0.112,99,23,0.9,0.34,1.00289,3.22,0.68,9.3,5
7.2,2,0.071,52,30,0.34,0.24,0.99576,3.44,0.58,10.1,5
7.2,2.3,0.078,86,16,0.66,0.03,0.99743,3.53,0.57,9.7,5
10.1,1.9,0.082,18,10,0.45,0.23,0.99774,3.22,0.65,9.3,6
7.2,2.3,0.078,86,16,0.66,0.03,0.99743,3.53,0.57,9.7,5
7.2,2.2,0.08,88,17,0.63,0.03,0.99745,3.53,0.58,9.8,6
7.1,2.3,0.08,43,27,0.59,0.01,0.9955,3.42,0.58,10.7,6
8.3,2.4,0.078,43,17,0.31,0.39,0.99444,3.31,0.77,12.5,7
7.1,2.3,0.08,43,27,0.59,0.01,0.9955,3.42,0.58,10.7,6
8.3,2.4,0.078,43,17,0.31,0.39,0.99444,3.31,0.77,12.5,7
8.3,3.4,0.084,11,6,1.02,0.02,0.99892,3.48,0.49,11,3
8.9,2.6,0.056,39,10,0.31,0.36,0.99562,3.4,0.69,11.8,5
7.4,2.4,0.08,33,16,0.635,0.1,0.99736,3.58,0.69,10.8,7
7.4,2.4,0.08,33,16,0.635,0.1,0.99736,3.58,0.69,10.8,7
6.8,6,0.06,18,11,0.59,0.06,0.9962,3.41,0.59,10.8,7
6.8,6,0.06,18,11,0.59,0.06,0.9962,3.41,0.59,10.8,7
9.2,3,0.081,115,15,0.58,0.2,0.998,3.23,0.59,9.5,5
7.2,2.6,0.084,78,12,0.54,0.27,0.9964,3.39,0.71,11,5
6.1,2.2,0.079,9,6,0.56,0,0.9948,3.59,0.54,11.5,6
7.4,2.4,0.078,61,34,0.52,0.13,0.99528,3.43,0.59,10.8,6
7.3,1.2,0.059,11,7,0.305,0.39,0.99331,3.29,0.52,11.5,6
9.3,3.8,0.132,11,3,0.38,0.48,0.99577,3.23,0.57,13.2,6
9.1,9,0.114,9,3,0.28,0.46,0.99901,3.18,0.6,10.9,6
10,2.9,0.065,8,4,0.46,0.44,0.99674,3.33,0.62,12.2,6
9.4,4.6,0.094,10,3,0.395,0.46,0.99639,3.27,0.64,12.2,7
7.3,1.2,0.059,11,7,0.305,0.39,0.99331,3.29,0.52,11.5,6
8.6,2.2,0.079,6,3,0.315,0.4,0.99512,3.27,0.67,11.9,6
5.3,1.5,0.161,62,7,0.715,0.19,0.99395,3.62,0.61,11,5
6.8,8.8,0.084,45,26,0.41,0.31,0.99824,3.38,0.64,10.1,6
8.4,2.2,0.081,79,32,0.36,0.32,0.9964,3.3,0.72,11,6
8.4,1.8,0.072,46,38,0.62,0.12,0.99504,3.38,0.89,11.8,6
9.6,2.3,0.091,23,10,0.41,0.37,0.99786,3.24,0.56,10.5,5
8.4,2.2,0.081,79,32,0.36,0.32,0.9964,3.3,0.72,11,6
8.4,1.8,0.072,46,38,0.62,0.12,0.99504,3.38,0.89,11.8,6
6.8,8.8,0.084,45,26,0.41,0.31,0.99824,3.38,0.64,10.1,6
8.6,2.3,0.055,28,14,0.47,0.27,0.99516,3.18,0.8,11.2,5
8.6,1.9,0.064,77,53,0.22,0.36,0.99604,3.47,0.87,11,7
9.4,2.3,0.061,73,52,0.24,0.33,0.99786,3.47,0.9,10.2,6
8.4,2.2,0.093,75,11,0.67,0.19,0.99736,3.2,0.59,9.2,4
8.6,2.3,0.055,28,14,0.47,0.27,0.99516,3.18,0.8,11.2,5
8.7,3.3,0.063,19,10,0.33,0.38,0.99468,3.3,0.73,12,7
6.6,1.9,0.08,25,8,0.61,0.01,0.99746,3.69,0.73,10.5,5
7.4,2,0.074,38,13,0.61,0.01,0.99748,3.48,0.65,9.8,5
7.6,1.9,0.078,66,29,0.4,0.29,0.9971,3.45,0.59,9.5,6
7.4,2,0.074,38,13,0.61,0.01,0.99748,3.48,0.65,9.8,5
6.6,1.9,0.08,25,8,0.61,0.01,0.99746,3.69,0.73,10.5,5
8.8,2.3,0.06,72,19,0.3,0.38,0.99543,3.39,0.72,11.8,6
8.8,2.3,0.06,72,19,0.3,0.38,0.99543,3.39,0.72,11.8,6
12,1.4,0.071,26,6,0.63,0.5,0.99791,3.07,0.6,10.4,4
7.2,2.8,0.068,42,23,0.38,0.38,0.99356,3.34,0.72,12.9,7
6.2,1.6,0.073,11,7,0.46,0.17,0.99425,3.61,0.54,11.4,5
9.6,2.2,0.074,25,13,0.33,0.52,0.99509,3.36,0.76,12.4,7
9.9,5,0.082,17,9,0.27,0.49,0.99484,3.19,0.52,12.5,7
10.1,2.6,0.092,52,13,0.43,0.4,0.99834,3.22,0.64,10,7
9.8,2.3,0.094,45,10,0.5,0.34,0.99864,3.24,0.6,9.7,7
8.3,3.8,0.09,24,11,0.3,0.49,0.99498,3.27,0.64,12.1,7
10.2,2,0.071,20,7,0.44,0.42,0.99566,3.14,0.79,11.1,7
10.2,4.1,0.092,24,11,0.44,0.58,0.99745,3.29,0.99,12,7
8.3,2.1,0.093,12,6,0.28,0.48,0.99408,3.26,0.62,12.4,7
8.9,1.8,0.075,21,10,0.12,0.45,0.99552,3.41,0.76,11.9,7
8.9,1.8,0.075,21,10,0.12,0.45,0.99552,3.41,0.76,11.9,7
8.9,1.8,0.075,21,10,0.12,0.45,0.99552,3.41,0.76,11.9,7
8.3,2.1,0.093,12,6,0.28,0.48,0.99408,3.26,0.62,12.4,7
8.2,2.2,0.058,10,6,0.31,0.4,0.99536,3.31,0.68,11.2,7
10.2,2.1,0.052,9,5,0.34,0.48,0.99458,3.2,0.69,12.1,7
7.6,2.7,0.082,11,6,0.43,0.4,0.99538,3.44,0.54,12.2,6
8.5,1.9,0.09,23,9,0.21,0.52,0.99648,3.36,0.67,10.4,5
9,2.1,0.111,10,5,0.36,0.52,0.99568,3.31,0.62,11.3,6
9.5,2,0.088,51,12,0.37,0.52,0.99613,3.29,0.58,11.1,6
6.4,2.3,0.12,36,25,0.57,0.12,0.99519,3.47,0.71,11.3,7
8,2,0.089,32,12,0.59,0.05,0.99735,3.36,0.61,10,5
8.5,1.9,0.058,38,18,0.47,0.27,0.99518,3.16,0.85,11.1,6
7.1,1.6,0.078,18,7,0.56,0.14,0.99592,3.27,0.62,9.3,5
6.6,2.1,0.115,16,6,0.57,0.02,0.99654,3.38,0.69,9.5,5
8.8,2,0.1,27,20,0.27,0.39,0.99546,3.15,0.69,11.2,6
8.5,1.9,0.058,38,18,0.47,0.27,0.99518,3.16,0.85,11.1,6
8.3,2.4,0.065,48,24,0.34,0.4,0.99554,3.34,0.86,11,6
9,2.4,0.103,10,6,0.38,0.41,0.99604,3.13,0.58,11.9,7
8.5,2.1,0.097,113,23,0.66,0.2,0.99733,3.13,0.48,9.2,5
9,2.4,0.068,46,29,0.4,0.43,0.9943,3.2,0.6,12.2,6
6.7,2.9,0.079,22,7,0.56,0.09,0.99669,3.46,0.61,10.2,5
10.4,1.9,0.066,10,6,0.26,0.48,0.99724,3.33,0.87,10.9,6
10.4,1.9,0.066,10,6,0.26,0.48,0.99724,3.33,0.87,10.9,6
10.1,2.4,0.104,13,6,0.38,0.5,0.99643,3.22,0.65,11.6,7
8.5,1.7,0.079,12,6,0.34,0.44,0.99605,3.52,0.63,10.7,5
8.8,5.9,0.073,13,7,0.33,0.41,0.99658,3.3,0.62,12.1,7
7.2,2.1,0.083,72,35,0.41,0.3,0.997,3.44,0.52,9.4,5
7.2,2.1,0.083,72,35,0.41,0.3,0.997,3.44,0.52,9.4,5
8.4,2.6,0.109,119,31,0.59,0.29,0.99801,3.15,0.5,9.1,5
7,3.6,0.061,29,9,0.4,0.32,0.99416,3.28,0.49,11.3,7
12.2,1.4,0.075,6,3,0.45,0.49,0.9969,3.13,0.63,10.4,5
9.1,1.9,0.065,17,8,0.5,0.3,0.99774,3.32,0.71,10.5,6
9.5,1.9,0.079,28,13,0.86,0.26,0.99712,3.25,0.62,10,5
7.3,2.1,0.07,70,51,0.52,0.32,0.99418,3.34,0.82,12.9,6
9.1,1.9,0.065,17,8,0.5,0.3,0.99774,3.32,0.71,10.5,6
12.2,1.4,0.075,6,3,0.45,0.49,0.9969,3.13,0.63,10.4,5
7.4,2,0.064,11,7,0.58,0,0.99562,3.45,0.58,11.3,6
9.8,1.4,0.066,7,3,0.34,0.39,0.9947,3.19,0.55,11.4,7
7.1,1.6,0.08,70,35,0.36,0.3,0.99693,3.44,0.5,9.4,5
7.7,1.7,0.097,27,19,0.39,0.12,0.99596,3.16,0.49,9.4,5
9.7,1.5,0.073,21,14,0.295,0.4,0.99556,3.14,0.51,10.9,6
7.7,1.7,0.097,27,19,0.39,0.12,0.99596,3.16,0.49,9.4,5
7.1,2,0.082,68,31,0.34,0.28,0.99694,3.45,0.48,9.4,5
6.5,2,0.076,47,30,0.4,0.1,0.99554,3.36,0.48,9.4,6
7.1,2,0.082,68,31,0.34,0.28,0.99694,3.45,0.48,9.4,5
10,2.5,0.092,88,20,0.35,0.45,0.99918,3.15,0.43,9.4,5
7.7,2,0.079,41,19,0.6,0.06,0.99697,3.39,0.62,10.1,6
5.6,2.2,0.087,11,3,0.66,0,0.99378,3.71,0.63,12.8,7
5.6,2.2,0.087,11,3,0.66,0,0.99378,3.71,0.63,12.8,7
8.9,1.4,0.05,10,4,0.84,0.34,0.99554,3.12,0.48,9.1,6
6.4,1.65,0.055,12,7,0.69,0,0.99162,3.47,0.53,12.9,6
7.5,2.2,0.062,12,6,0.43,0.3,0.99495,3.44,0.72,11.5,7
9.9,1.5,0.058,47,31,0.35,0.38,0.99676,3.26,0.82,10.6,7
9.1,2.05,0.063,27,13,0.29,0.33,0.99516,3.26,0.84,11.7,7
6.8,1.8,0.067,8,4,0.36,0.32,0.9928,3.36,0.55,12.8,7
8.2,1.6,0.081,45,27,0.43,0.29,0.99603,3.25,0.54,10.3,5
6.8,1.8,0.067,8,4,0.36,0.32,0.9928,3.36,0.55,12.8,7
9.1,2.05,0.063,27,13,0.29,0.33,0.99516,3.26,0.84,11.7,7
9.1,2,0.064,25,12,0.3,0.34,0.99516,3.26,0.84,11.7,7
8.9,3.6,0.11,24,12,0.35,0.4,0.99549,3.23,0.7,12,7
9.6,2.8,0.116,55,26,0.5,0.36,0.99722,3.18,0.68,10.9,5
8.9,1.7,0.067,12,7,0.28,0.45,0.99354,3.25,0.55,12.3,7
8.9,2,0.088,19,12,0.32,0.31,0.9957,3.17,0.55,10.4,6
7.7,2.1,0.102,32,11,1.005,0.15,0.99604,3.23,0.48,10,5
7.5,1.6,0.092,31,22,0.71,0,0.99635,3.38,0.58,10,6
8,2,0.12,7,3,0.58,0.16,0.99454,3.22,0.58,11.2,6
10.5,2.2,0.075,27,14,0.39,0.46,0.99598,3.06,0.84,11.4,6
8.9,2.2,0.068,28,12,0.38,0.4,0.99486,3.27,0.75,12.6,7
8,0.9,0.049,109,36,0.18,0.37,0.99007,2.89,0.44,12.7,6
8,0.9,0.049,109,36,0.18,0.37,0.99007,2.89,0.44,12.7,6
7,1.8,0.078,23,10,0.5,0.14,0.99636,3.53,0.61,10.4,5
11.3,2.4,0.123,8,3,0.36,0.66,0.99642,3.2,0.53,11.9,6
11.3,2.4,0.123,8,3,0.36,0.66,0.99642,3.2,0.53,11.9,6
7,2.1,0.062,9,4,0.51,0.09,0.99584,3.35,0.54,10.5,5
8.2,2.3,0.098,9,3,0.32,0.42,0.99506,3.27,0.55,12.3,6
7.7,1.8,0.088,18,12,0.58,0.01,0.99568,3.32,0.56,10.5,7
8.6,2.8,0.095,43,17,0.83,0,0.99822,3.33,0.6,10.4,6
7.9,1.9,0.066,36,14,0.31,0.32,0.99364,3.41,0.56,12.6,6
6.4,2.2,0.065,52,28,0.795,0,0.99378,3.49,0.52,11.6,5
7.2,2.5,0.075,68,41,0.34,0.21,0.99586,3.37,0.54,10.1,6
7.7,1.8,0.088,18,12,0.58,0.01,0.99568,3.32,0.56,10.5,7
7.1,2.1,0.091,14,9,0.59,0,0.99488,3.42,0.55,11.5,7
7.3,1.8,0.093,15,9,0.55,0.01,0.99514,3.35,0.58,11,7
8.1,4.1,0.095,14,5,0.82,0,0.99854,3.36,0.53,9.6,5
7.5,2.6,0.089,27,14,0.57,0.08,0.99592,3.3,0.59,10.4,6
8.9,2.5,0.077,48,15,0.745,0.18,0.99739,3.2,0.47,9.7,6
10.1,2.4,0.085,17,5,0.37,0.34,0.99683,3.17,0.65,10.6,7
7.6,2.5,0.082,35,26,0.31,0.34,0.99356,3.22,0.59,12.5,7
7.3,1.8,0.074,56,20,0.91,0.1,0.99672,3.35,0.56,9.2,5
8.7,6.2,0.078,42,25,0.41,0.41,0.9953,3.24,0.77,12.6,7
8.9,2.2,0.088,39,21,0.5,0.21,0.99692,3.33,0.83,11.1,6
7.4,2.2,0.088,32,16,0.965,0,0.99756,3.58,0.67,10.2,5
6.9,1.7,0.079,26,13,0.49,0.19,0.99547,3.38,0.64,9.8,6
8.9,2.2,0.088,39,21,0.5,0.21,0.99692,3.33,0.83,11.1,6
9.5,8.9,0.069,39,18,0.39,0.41,0.99859,3.29,0.81,10.9,7
6.4,3.3,0.046,53,12,0.39,0.33,0.99294,3.36,0.62,12.2,6
6.9,1.4,0.07,38,32,0.44,0,0.99438,3.32,0.58,11.4,6
7.6,1.7,0.076,45,33,0.78,0,0.99612,3.31,0.62,10.7,6
7.1,1.8,0.082,51,27,0.43,0.17,0.99634,3.49,0.64,10.4,5
9.3,1.7,0.081,14,3,0.49,0.36,0.99702,3.27,0.78,10.9,6
9.3,1.8,0.084,17,6,0.5,0.36,0.99704,3.27,0.77,10.8,6
7.1,1.8,0.082,51,27,0.43,0.17,0.99634,3.49,0.64,10.4,5
8.5,1.4,0.414,45,16,0.46,0.59,0.99702,3.03,1.34,9.2,5
5.6,2.4,0.073,25,19,0.605,0.05,0.99258,3.56,0.55,12.9,5
8.3,2.3,0.07,20,9,0.33,0.42,0.99426,3.38,0.77,12.7,7
8.2,2,0.095,77,5,0.64,0.27,0.99747,3.13,0.62,9.1,6
8.2,2,0.095,77,5,0.64,0.27,0.99747,3.13,0.62,9.1,6
8.9,4,0.101,10,3,0.48,0.53,0.99586,3.21,0.59,12.1,7
7.6,3.9,0.104,90,28,0.42,0.25,0.99784,3.15,0.57,9.1,5
9.9,2.4,0.093,52,30,0.53,0.57,0.9971,3.19,0.76,11.6,7
8.9,4,0.101,10,3,0.48,0.53,0.99586,3.21,0.59,12.1,7
11.6,1.8,0.074,8,3,0.23,0.57,0.9981,3.14,0.7,9.9,6
9.1,1.8,0.071,16,7,0.4,0.5,0.99462,3.21,0.69,12.5,8
8,1.9,0.098,15,6,0.38,0.44,0.9956,3.3,0.64,11.4,6
10.2,2.4,0.075,17,6,0.29,0.65,0.99565,3.22,0.63,11.8,6
8.2,2,0.067,10,5,0.74,0.09,0.99418,3.28,0.57,11.8,6
7.7,2.4,0.083,20,6,0.61,0.18,0.9963,3.29,0.6,10.2,6
6.6,2.4,0.07,26,13,0.52,0.08,0.99358,3.4,0.72,12.5,7
11.1,2.2,0.06,10,3,0.31,0.53,0.99572,3.02,0.83,10.9,7
11.1,2.2,0.06,10,3,0.31,0.53,0.99572,3.02,0.83,10.9,7
8,2.8,0.086,52,28,0.62,0.35,0.997,3.31,0.62,10.8,5
9.3,1.5,0.057,37,19,0.33,0.45,0.99498,3.18,0.89,11.1,7
7.5,8.1,0.098,92,30,0.77,0.2,0.99892,3.2,0.58,9.2,5
7.2,1.8,0.083,75,33,0.35,0.26,0.9968,3.4,0.58,9.5,6
8,2.7,0.088,37,16,0.62,0.33,0.9972,3.31,0.58,10.7,6
7.5,8.1,0.098,92,30,0.77,0.2,0.99892,3.2,0.58,9.2,5
9.1,2,0.071,67,45,0.25,0.34,0.99769,3.44,0.86,10.2,7
9.9,2,0.073,8,3,0.32,0.56,0.99534,3.15,0.73,11.4,6
8.6,6.4,0.08,8,3,0.37,0.65,0.99817,3.27,0.58,11,5
8.6,6.4,0.08,8,3,0.37,0.65,0.99817,3.27,0.58,11,5
7.9,8.3,0.05,278,37.5,0.3,0.68,0.99316,3.01,0.51,12.3,7
10.3,1.4,0.047,8,3,0.27,0.56,0.99471,3.16,0.51,11.8,6
7.9,8.3,0.05,289,37.5,0.3,0.68,0.99316,3.01,0.51,12.3,7
7.2,1.8,0.073,70,31,0.38,0.3,0.99685,3.42,0.59,9.5,6
8.7,2.4,0.072,59,32,0.42,0.45,0.99617,3.33,0.77,12,6
7.2,1.8,0.073,70,31,0.38,0.3,0.99685,3.42,0.59,9.5,6
6.8,1.8,0.074,64,40,0.48,0.08,0.99529,3.12,0.49,9.6,5
8.5,4.7,0.055,9,3,0.34,0.4,0.99738,3.38,0.66,11.6,7
7.9,1.6,0.057,30,18,0.19,0.42,0.994,3.29,0.69,11.2,6
11.6,1.5,0.095,41,22,0.41,0.54,0.99735,3.02,0.76,9.9,7
11.6,1.5,0.095,41,22,0.41,0.54,0.99735,3.02,0.76,9.9,7
10,1.9,0.083,74,42,0.26,0.54,0.99451,2.98,0.63,11.8,8
7.9,2,0.086,19,8,0.34,0.42,0.99546,3.35,0.6,11.4,6
7,2,0.081,16,10,0.54,0.09,0.99479,3.43,0.59,11.5,6
9.2,2.2,0.079,31,11,0.31,0.36,0.99615,3.33,0.86,12,7
6.6,5.5,0.117,17,9,0.725,0.09,0.99655,3.35,0.49,10.8,6
9.4,2.5,0.087,20,6,0.4,0.47,0.99772,3.15,0.5,10.5,5
6.6,5.5,0.117,17,9,0.725,0.09,0.99655,3.35,0.49,10.8,6
8.6,1.5,0.096,18,5,0.52,0.38,0.99666,3.2,0.52,9.4,5
8,2.1,0.216,16,5,0.31,0.45,0.99358,3.15,0.81,12.5,7
8.6,1.5,0.096,18,5,0.52,0.38,0.99666,3.2,0.52,9.4,5
8.4,2.1,0.072,36,23,0.34,0.42,0.99392,3.11,0.78,12.4,6
7.4,2.1,0.071,25,14,0.49,0.27,0.99388,3.35,0.63,12,6
6.1,1.7,0.078,30,18,0.48,0.09,0.99402,3.45,0.54,11.2,6
7.4,2.1,0.071,25,14,0.49,0.27,0.99388,3.35,0.63,12,6
8,2.2,0.073,25,16,0.48,0.34,0.9936,3.28,0.66,12.4,6
6.3,2.1,0.048,49,13,0.57,0.28,0.99374,3.41,0.6,12.8,5
8.2,1.9,0.069,17,9,0.23,0.42,0.99376,3.21,0.54,12.3,6
9.1,2,0.068,24,10,0.3,0.41,0.99523,3.27,0.85,11.7,7
8.1,3.3,0.09,13,4,0.78,0.1,0.99855,3.36,0.49,9.5,5
10.8,2.1,0.171,66,27,0.47,0.43,0.9982,3.17,0.76,10.8,6
8.3,1.4,0.07,14,6,0.53,0,0.99593,3.25,0.64,10,6
5.4,2,0.092,55,23,0.42,0.27,0.99471,3.78,0.64,12.3,7
7.9,1.5,0.056,35,6,0.33,0.41,0.99396,3.29,0.71,11,6
8.9,1.6,0.074,10,3,0.24,0.39,0.99698,3.12,0.59,9.5,6
5,4.3,0.046,80,29,0.4,0.5,0.9902,3.49,0.66,13.6,6
7,2.5,0.091,21,15,0.69,0.07,0.99572,3.38,0.6,11.3,6
7,2.5,0.091,21,15,0.69,0.07,0.99572,3.38,0.6,11.3,6
7,2.5,0.091,21,15,0.69,0.07,0.99572,3.38,0.6,11.3,6
7.1,2.1,0.065,24,14,0.39,0.12,0.99252,3.3,0.53,13.3,6
5.6,2.5,0.066,15,7,0.66,0,0.99256,3.52,0.58,12.9,5
7.9,2.5,0.076,17,8,0.54,0.34,0.99235,3.2,0.72,13.1,8
6.6,1.8,0.062,28,21,0.5,0,0.99352,3.44,0.55,12.3,6
6.3,1.4,0.055,33,27,0.47,0,0.9922,3.45,0.48,12.3,6
10.7,1.9,0.081,29,17,0.4,0.37,0.99674,3.12,0.65,11.2,6
6.5,2.2,0.096,13,3,0.58,0,0.99557,3.62,0.62,11.5,4
8.8,1.7,0.055,27,13,0.24,0.35,0.99394,3.14,0.59,11.3,7
5.8,1.7,0.063,11,3,0.29,0.26,0.9915,3.39,0.54,13.5,6
6.3,2.9,0.072,52,26,0.76,0,0.99379,3.51,0.6,11.5,6
10,2.7,0.095,89,28,0.43,0.33,0.9984,3.22,0.68,10,5
10.5,3.3,0.092,70,24,0.43,0.35,0.99798,3.21,0.69,10.5,6
9.1,1.9,0.058,10,5,0.6,0,0.9977,3.18,0.63,10.4,6
5.9,1.7,0.045,135,57,0.19,0.21,0.99341,3.32,0.44,9.5,5
7.4,1.8,0.075,38,18,0.36,0.34,0.9933,3.38,0.88,13.6,7
7.2,5.5,0.089,18,10,0.48,0.07,0.99684,3.37,0.68,11.2,7
8.5,1.7,0.061,15,6,0.28,0.35,0.99524,3.3,0.74,11.8,7
8,1.7,0.067,50,22,0.25,0.43,0.9946,3.38,0.6,11.9,6
10.4,2,0.08,13,6,0.52,0.45,0.99774,3.22,0.76,11.4,6
10.4,2,0.08,13,6,0.52,0.45,0.99774,3.22,0.76,11.4,6
7.5,3.7,0.104,94,29,0.41,0.15,0.99786,3.14,0.58,9.1,5
8.2,2,0.079,86,16,0.51,0.24,0.99764,3.34,0.64,9.5,6
7.3,1.7,0.08,79,33,0.4,0.3,0.9969,3.41,0.65,9.5,6
8.2,2.5,0.08,71,24,0.38,0.32,0.99624,3.27,0.85,11,6
6.9,2.4,0.043,12,6,0.45,0.11,0.99354,3.3,0.65,11.4,6
7,1.8,0.065,20,16,0.22,0.3,0.99672,3.61,0.82,10,6
7.3,2.3,0.066,70,35,0.32,0.23,0.99588,3.43,0.62,10.1,5
8.2,2.5,0.076,51,31,0.2,0.43,0.99672,3.53,0.81,10.4,6
7.8,1.8,0.178,21,6,0.5,0.12,0.996,3.28,0.87,9.8,6
10,6.2,0.071,14,6,0.41,0.45,0.99702,3.21,0.49,11.8,7
7.8,2,0.086,21,9,0.39,0.42,0.99526,3.39,0.66,11.6,6
10,2,0.061,11,6,0.35,0.47,0.99585,3.23,0.52,12,6
8.2,2.8,0.067,12,4,0.33,0.32,0.99473,3.3,0.76,12.8,7
6.1,2.5,0.044,70,16,0.58,0.23,0.99352,3.46,0.65,12.5,6
8.3,2.2,0.118,38,9,0.6,0.25,0.99616,3.15,0.53,9.8,5
9.6,2.1,0.083,38,17,0.42,0.35,0.99622,3.23,0.66,11.1,6
6.6,2.2,0.1,63,50,0.58,0,0.99544,3.59,0.68,11.4,6
8.3,2.2,0.118,38,9,0.6,0.25,0.99616,3.15,0.53,9.8,5
8.5,1.75,0.071,88,45,0.18,0.51,0.99524,3.33,0.76,11.8,7
5.1,2.1,0.042,101,16,0.51,0.18,0.9924,3.46,0.87,12.9,7
6.7,2.8,0.076,54,22,0.41,0.43,0.99572,3.42,1.16,10.6,6
10.2,2.2,0.11,37,11,0.41,0.43,0.99728,3.16,0.67,10.8,5
10.6,2.3,0.087,20,6,0.36,0.57,0.99676,3.14,0.72,11.1,7
8.8,1.4,0.076,21,12,0.45,0.43,0.99551,3.21,0.75,10.2,6
8.5,2.3,0.075,19,12,0.32,0.42,0.99434,3.14,0.71,11.8,7
9,1.7,0.078,21,10,0.785,0.24,0.99692,3.29,0.67,10,5
9,1.7,0.078,21,10,0.785,0.24,0.99692,3.29,0.67,10,5
8.5,1.9,0.369,38,15,0.44,0.5,0.99634,3.01,1.1,9.4,5
9.9,2,0.111,60,7,0.54,0.26,0.99709,2.94,0.98,10.2,5
8.2,2.5,0.074,48,29,0.33,0.39,0.99528,3.32,0.88,12.4,7
6.5,2.8,0.067,44,8,0.34,0.27,0.99384,3.21,0.56,12,6
7.6,2.3,0.086,14,5,0.5,0.29,0.99502,3.32,0.62,11.5,6
9.2,1.6,0.062,12,5,0.36,0.34,0.99667,3.2,0.67,10.5,6
7.1,2.2,0.078,44,26,0.59,0,0.99522,3.42,0.68,10.8,6
9.7,2.1,0.074,16,5,0.42,0.46,0.99649,3.27,0.74,12.3,6
7.6,1.7,0.079,65,26,0.36,0.31,0.99716,3.46,0.62,9.5,6
7.6,1.7,0.079,65,26,0.36,0.31,0.99716,3.46,0.62,9.5,6
6.5,2.2,0.095,59,48,0.61,0,0.99541,3.61,0.7,11.5,6
6.5,5.6,0.079,47,23,0.88,0.03,0.99572,3.58,0.5,11.2,4
7.1,2.4,0.052,11,6,0.66,0,0.99318,3.35,0.66,12.7,7
5.6,2.1,0.041,78,17,0.915,0,0.99346,3.68,0.73,11.4,5
8.2,2.4,0.076,47,11,0.35,0.33,0.99599,3.27,0.81,11,6
8.2,2.4,0.076,47,11,0.35,0.33,0.99599,3.27,0.81,11,6
9.8,1.65,0.068,11,5,0.39,0.43,0.99478,3.19,0.46,11.4,5
10.2,2.5,0.068,54,41,0.4,0.4,0.99754,3.38,0.86,10.5,6
6.8,1.6,0.07,61,16,0.66,0.07,0.99572,3.29,0.6,9.3,5
6.7,2.1,0.08,119,11,0.64,0.23,0.99538,3.36,0.7,10.9,5
7,2,0.085,39,6,0.43,0.3,0.99346,3.33,0.46,11.9,6
6.6,7.8,0.079,12,6,0.8,0.03,0.9963,3.52,0.5,12.2,5
7,2,0.085,39,6,0.43,0.3,0.99346,3.33,0.46,11.9,6
6.7,2.1,0.08,119,11,0.64,0.23,0.99538,3.36,0.7,10.9,5
8.8,1.8,0.075,19,5,0.955,0.05,0.99616,3.3,0.44,9.6,4
9.1,4.6,0.08,20,6,0.4,0.57,0.99652,3.28,0.57,12.5,6
6.5,2.3,0.166,12,6,0.885,0,0.99551,3.56,0.51,10.8,5
7.2,2.5,0.063,41,11,0.25,0.37,0.99439,3.52,0.8,12.4,7
6.4,2.3,0.166,12,6,0.885,0,0.99551,3.56,0.51,10.8,5
7,1.8,0.114,64,15,0.745,0.12,0.99588,3.22,0.59,9.5,6
6.2,1.8,0.078,56,21,0.43,0.22,0.99633,3.52,0.6,9.5,6
7.9,2.3,0.076,94,23,0.58,0.23,0.99686,3.21,0.58,9.5,6
7.7,1.5,0.069,9,4,0.57,0.21,0.99458,3.16,0.54,9.8,6
7.7,2,0.052,77,19,0.26,0.26,0.9951,3.15,0.79,10.9,6
7.9,2.3,0.076,94,23,0.58,0.23,0.99686,3.21,0.58,9.5,6
7.7,1.5,0.069,9,4,0.57,0.21,0.99458,3.16,0.54,9.8,6
7.9,1.9,0.065,10,5,0.34,0.36,0.99419,3.27,0.54,11.2,7
8.6,1.8,0.068,12,6,0.42,0.39,0.99516,3.35,0.69,11.7,8
9.9,5.8,0.111,76,33,0.74,0.19,0.99878,3.14,0.55,9.4,5
7.2,2.1,0.074,44,24,0.36,0.46,0.99534,3.4,0.85,11,7
7.2,2.1,0.074,44,24,0.36,0.46,0.99534,3.4,0.85,11,7
7.2,2.1,0.074,44,24,0.36,0.46,0.99534,3.4,0.85,11,7
9.9,1.7,0.136,52,24,0.72,0.55,0.99752,3.35,0.94,10,5
7.2,2.1,0.074,44,24,0.36,0.46,0.99534,3.4,0.85,11,7
6.2,2,0.071,24,14,0.39,0.43,0.99428,3.45,0.87,11.2,7
6.8,2.1,0.078,15,8,0.65,0.02,0.99498,3.35,0.62,10.4,6
6.6,2.1,0.076,53,22,0.44,0.15,0.9957,3.32,0.62,9.3,5
6.8,2.1,0.078,15,8,0.65,0.02,0.99498,3.35,0.62,10.4,6
9.6,1.9,0.071,13,5,0.38,0.42,0.99659,3.15,0.75,10.5,6
10.2,1.9,0.081,9,6,0.33,0.46,0.99628,3.1,0.48,10.4,6
8.8,2.1,0.095,29,20,0.27,0.46,0.99488,3.26,0.56,11.3,6
7.9,2,0.079,79,10,0.57,0.31,0.99677,3.29,0.69,9.5,6
8.2,1.9,0.057,74,43,0.34,0.37,0.99408,3.23,0.81,12,6
8.2,1.9,0.082,24,8,0.4,0.31,0.996,3.24,0.69,10.6,6
9,1.3,0.044,50,25,0.39,0.4,0.99478,3.2,0.83,10.9,6
10.9,1.8,0.132,44,17,0.32,0.52,0.99734,3.28,0.77,11.5,6
10.9,1.8,0.132,44,17,0.32,0.52,0.99734,3.28,0.77,11.5,6
8.1,2.2,0.078,89,33,0.53,0.22,0.99678,3.26,0.46,9.6,6
10.5,2.2,0.074,23,9,0.36,0.47,0.99638,3.23,0.76,12,6
12.6,2.5,0.08,20,8,0.39,0.49,0.9992,3.07,0.82,10.3,6
9.2,2.6,0.091,77,18,0.46,0.23,0.99922,3.15,0.51,9.4,5
7.5,4.1,0.08,46,27,0.58,0.03,0.99592,3.02,0.47,9.2,5
9,2,0.104,21,8,0.58,0.25,0.99769,3.27,0.72,9.6,5
5.1,1.8,0.044,88,18,0.42,0,0.99157,3.68,0.73,13.6,7
7.6,2.1,0.075,66,19,0.43,0.29,0.99718,3.4,0.64,9.5,5
7.7,2.7,0.066,58,15,0.18,0.34,0.9947,3.37,0.78,11.8,6
7.8,2.6,0.074,90,48,0.815,0.01,0.99621,3.38,0.62,10.8,5
7.6,2.1,0.075,66,19,0.43,0.29,0.99718,3.4,0.64,9.5,5
10.2,2.2,0.057,36,14,0.23,0.37,0.99614,3.23,0.49,9.3,4
7.1,2.2,0.059,18,11,0.75,0.01,0.99242,3.39,0.4,12.8,6
6,12.9,0.054,113,6,0.33,0.32,0.99572,3.3,0.56,11.5,4
7.8,1.7,0.07,17,7,0.55,0,0.99659,3.26,0.64,9.4,6
7.1,2.2,0.059,18,11,0.75,0.01,0.99242,3.39,0.4,12.8,6
8.1,2.5,0.081,24,12,0.73,0,0.99798,3.38,0.46,9.6,4
6.5,4.3,0.057,20,11,0.67,0,0.99488,3.45,0.56,11.8,4
7.5,1.7,0.076,60,36,0.61,0.2,0.99494,3.1,0.4,9.3,5
9.8,2.5,0.079,65,28,0.37,0.39,0.99729,3.16,0.59,9.8,5
9,2,0.058,40,15,0.4,0.41,0.99414,3.22,0.6,12.2,6
8.3,2.4,0.082,86,10,0.56,0.22,0.9983,3.37,0.62,9.5,5
5.9,13.4,0.067,160,72,0.29,0.25,0.99721,3.33,0.54,10.3,6
7.4,1.8,0.082,34,15,0.55,0.19,0.99655,3.49,0.68,10.5,5
7.4,1.7,0.086,48,15,0.74,0.07,0.99502,3.12,0.48,10,5
7.4,1.8,0.082,34,15,0.55,0.19,0.99655,3.49,0.68,10.5,5
6.9,2.2,0.081,36,22,0.41,0.33,0.9949,3.41,0.75,11.1,6
7.1,2.3,0.079,37,24,0.6,0.01,0.99514,3.4,0.61,10.9,6
7.1,2.3,0.079,37,24,0.6,0.01,0.99514,3.4,0.61,10.9,6
7.5,2.2,0.077,60,27,0.58,0.14,0.9963,3.28,0.59,9.8,5
7.1,1.8,0.123,14,6,0.72,0,0.99627,3.45,0.58,9.8,5
7.9,1.4,0.096,13,6,0.66,0,0.99569,3.43,0.58,9.5,5
7.8,1.9,0.079,35,20,0.7,0.06,0.99628,3.4,0.69,10.9,5
6.1,2.4,0.069,46,26,0.64,0.02,0.99358,3.47,0.45,11,5
7.5,1.8,0.082,60,43,0.59,0.22,0.99499,3.1,0.42,9.2,5
7,4.8,0.085,69,12,0.58,0.28,0.99633,3.32,0.7,11,6
6.8,2.7,0.123,33,15,0.64,0,0.99538,3.44,0.63,11.3,6
6.8,2.7,0.123,33,15,0.64,0,0.99538,3.44,0.63,11.3,6
8.6,1.8,0.403,56,19,0.635,0.68,0.99632,3.02,1.15,9.3,5
6.3,2,0.083,24,17,1.02,0,0.99437,3.59,0.55,11.2,4
9.8,2.5,0.081,66,34,0.45,0.38,0.99726,3.15,0.58,9.8,5
8.2,2.2,0.089,26,13,0.78,0,0.9978,3.37,0.46,9.6,4
8.5,1.8,0.066,51,26,0.37,0.32,0.99456,3.38,0.72,11.8,6
7.2,2.3,0.081,36,16,0.57,0.05,0.99564,3.38,0.6,10.3,6
7.2,2.3,0.081,36,16,0.57,0.05,0.99564,3.38,0.6,10.3,6
10.4,2.3,0.068,19,13,0.43,0.5,0.996,3.1,0.87,11.4,6
6.9,2,0.079,51,21,0.41,0.31,0.99668,3.47,0.55,9.5,6
5.5,1.8,0.044,87,28,0.49,0.03,0.9908,3.5,0.82,14,8
5,1.6,0.048,60,26,0.38,0.01,0.99084,3.7,0.75,14,6
7.3,1.6,0.049,64,24,0.44,0.2,0.9935,3.38,0.57,11.7,6
5.9,1.9,0.077,44,25,0.46,0,0.99385,3.5,0.53,11.2,5
7.5,2,0.073,44,34,0.58,0.2,0.99494,3.1,0.43,9.3,5
7.8,2.1,0.102,36,17,0.58,0.13,0.9944,3.24,0.53,11.2,6
8,2.3,0.075,81,13,0.715,0.22,0.99688,3.24,0.54,9.5,6
8.5,6.3,0.05,10,3,0.4,0.4,0.99566,3.28,0.56,12,4
7,1.9,0.114,10,3,0.69,0,0.99636,3.35,0.6,9.7,6
8,2.3,0.075,81,13,0.715,0.22,0.99688,3.24,0.54,9.5,6
9.8,1.7,0.062,9,3,0.3,0.39,0.9948,3.14,0.57,11.5,7
7.1,1.9,0.077,54,28,0.46,0.2,0.9956,3.37,0.64,10.4,6
7.1,1.9,0.077,54,28,0.46,0.2,0.9956,3.37,0.64,10.4,6
7.9,2,0.084,22,9,0.765,0,0.99619,3.33,0.68,10.9,6
8.7,2.7,0.096,69,17,0.63,0.28,0.99734,3.26,0.63,10.2,6
7,2.3,0.071,36,18,0.42,0.19,0.99476,3.39,0.56,10.9,5
11.3,1.8,0.09,47,20,0.37,0.5,0.99734,3.15,0.57,10.5,5
7.1,2.5,0.068,31,17,0.16,0.44,0.99328,3.35,0.54,12.4,6
8,2.6,0.056,7,3,0.6,0.08,0.99286,3.22,0.37,13,5
7,4.5,0.068,110,20,0.6,0.3,0.99914,3.3,1.17,10.2,5
7,4.5,0.068,110,20,0.6,0.3,0.99914,3.3,1.17,10.2,5
7.6,1.9,0.1,12,6,0.74,0,0.99521,3.36,0.59,11,5
8.2,2.1,0.073,60,25,0.635,0.1,0.99638,3.29,0.75,10.9,6
5.9,2.4,0.056,28,14,0.395,0.13,0.99362,3.62,0.67,12.4,6
7.5,1.9,0.084,12,6,0.755,0,0.99672,3.34,0.49,9.7,4
8.2,2.1,0.073,60,25,0.635,0.1,0.99638,3.29,0.75,10.9,6
6.6,4.3,0.093,77.5,51,0.63,0,0.99558,3.2,0.45,9.5,5
6.6,4.3,0.093,77.5,51,0.63,0,0.99558,3.2,0.45,9.5,5
7.2,2.1,0.064,29,15,0.53,0.14,0.99323,3.35,0.61,12.1,6
5.7,1.4,0.063,18,11,0.6,0,0.99191,3.45,0.56,12.2,6
7.6,2.1,0.137,9,5,1.58,0,0.99476,3.5,0.4,10.9,3
5.2,2.15,0.08,28,15,0.645,0,0.99444,3.78,0.61,12.5,6
6.7,2,0.1,57,20,0.86,0.07,0.99598,3.6,0.74,11.7,6
9.1,2.1,0.064,15,4,0.37,0.32,0.99576,3.3,0.8,11.2,6
8,1.8,0.081,68,28,0.28,0.44,0.99501,3.36,0.66,11.2,5
7.6,2.3,0.087,68,21,0.79,0.21,0.9955,3.12,0.44,9.2,5
7.5,1.9,0.073,88,24,0.61,0.26,0.99612,3.3,0.53,9.8,5
9.7,2.5,0.088,91,22,0.69,0.32,0.9979,3.29,0.62,10.1,5
6.8,3.9,0.068,29,15,0.68,0.09,0.99524,3.41,0.52,11.1,4
9.7,2.5,0.088,91,22,0.69,0.32,0.9979,3.29,0.62,10.1,5
7,1.4,0.071,63,27,0.62,0.1,0.996,3.28,0.61,9.2,5
7.5,1.9,0.073,88,24,0.61,0.26,0.99612,3.3,0.53,9.8,5
6.5,3,0.064,27,12,0.51,0.15,0.9929,3.33,0.59,12.8,6
8,1.9,0.083,41,14,1.18,0.21,0.99532,3.34,0.47,10.5,5
7,2.3,0.086,65,20,0.36,0.21,0.99558,3.4,0.54,10.1,6
7,2.4,0.086,69,24,0.36,0.21,0.99556,3.4,0.53,10.1,6
7.5,2,0.083,91,17,0.63,0.27,0.99616,3.26,0.58,9.8,6
5.4,1.2,0.041,46,16,0.74,0,0.99258,4.01,0.59,12.5,6
9.9,2.2,0.091,41,10,0.44,0.46,0.99638,3.18,0.69,11.9,6
7.5,2,0.083,91,17,0.63,0.27,0.99616,3.26,0.58,9.8,6
9.1,1.7,0.414,64,18,0.76,0.68,0.99652,2.9,1.33,9.1,6
9.7,2.6,0.094,88,12,0.66,0.34,0.99796,3.26,0.66,10.1,5
5,1.2,0.041,46,16,0.74,0,0.99258,4.01,0.59,12.5,6
9.1,1.8,0.058,18,9,0.34,0.42,0.99392,3.18,0.55,11.4,5
9.1,1.8,0.06,55,21,0.36,0.39,0.99495,3.18,0.82,11,7
6.7,1.7,0.077,34,18,0.46,0.24,0.9948,3.39,0.6,10.6,6
6.7,1.7,0.077,34,18,0.46,0.24,0.9948,3.39,0.6,10.6,6
6.7,1.7,0.077,34,18,0.46,0.24,0.9948,3.39,0.6,10.6,6
6.7,1.7,0.077,34,18,0.46,0.24,0.9948,3.39,0.6,10.6,6
6.5,1.8,0.073,38,13,0.52,0.11,0.9955,3.34,0.52,9.3,5
7.4,2.1,0.083,91,17,0.6,0.26,0.99616,3.29,0.56,9.8,6
7.4,2.1,0.083,91,17,0.6,0.26,0.99616,3.29,0.56,9.8,6
7.8,3.8,0.107,67,31,0.87,0.26,0.99668,3.26,0.46,9.2,5
8.4,1.7,0.075,25,6,0.39,0.1,0.99581,3.09,0.43,9.7,6
9.1,2.2,0.079,48,12,0.775,0.22,0.9976,3.18,0.51,9.6,5
7.2,2,0.166,11,4,0.835,0,0.99608,3.39,0.52,10,5
6.6,2.4,0.069,40,19,0.58,0.02,0.99387,3.38,0.66,12.6,6
6,1.4,0.057,26,15,0.5,0,0.99448,3.36,0.45,9.5,5
6,1.4,0.057,26,15,0.5,0,0.99448,3.36,0.45,9.5,5
6,1.4,0.057,26,15,0.5,0,0.99448,3.36,0.45,9.5,5
7.5,1.7,0.084,31,13,0.51,0.02,0.99538,3.36,0.54,10.5,6
7.5,1.7,0.084,31,13,0.51,0.02,0.99538,3.36,0.54,10.5,6
7.5,1.7,0.084,31,13,0.51,0.02,0.99538,3.36,0.54,10.5,6
7.6,1.7,0.085,31,17,0.54,0.02,0.99589,3.37,0.51,10.4,6
7.5,1.7,0.084,31,13,0.51,0.02,0.99538,3.36,0.54,10.5,6
11.5,2.6,0.077,20,8,0.42,0.48,0.99852,3.09,0.53,11,5
8.2,2.3,0.063,28,10,0.44,0.24,0.99613,3.25,0.53,10.2,6
6.1,2.1,0.056,13,5,0.59,0.01,0.99472,3.52,0.56,11.4,5
7.2,1.8,0.078,12,7,0.655,0.03,0.99587,3.34,0.39,9.5,5
7.2,1.8,0.078,12,7,0.655,0.03,0.99587,3.34,0.39,9.5,5
6.9,2.8,0.081,41,21,0.57,0,0.99518,3.41,0.52,10.8,5
9,2,0.069,73,32,0.6,0.29,0.99654,3.34,0.57,10,5
7.2,2.3,0.065,46,8,0.62,0.01,0.99332,3.32,0.51,11.8,6
7.6,1.9,0.086,57,14,0.645,0.03,0.9969,3.37,0.46,10.3,5
7.6,1.9,0.086,57,14,0.645,0.03,0.9969,3.37,0.46,10.3,5
7.2,2.3,0.077,28,7,0.58,0.03,0.99568,3.35,0.52,10,5
6.1,1.8,0.086,32,5,0.32,0.25,0.99464,3.36,0.44,10.1,5
6.1,1.8,0.084,28,4,0.34,0.25,0.99464,3.36,0.44,10.1,5
7.3,2.5,0.078,67,27,0.43,0.24,0.99648,3.6,0.59,11.1,6
7.4,5.4,0.168,98,52,0.64,0.17,0.99736,3.28,0.5,9.5,5
11.6,1.4,0.091,28,6,0.475,0.4,0.99704,3.07,0.65,10.03333333,6
9.2,2.3,0.112,38,11,0.54,0.31,0.99699,3.24,0.56,10.9,5
8.3,2.5,0.093,54,13,0.85,0.14,0.99724,3.36,0.54,10.1,5
11.6,1.4,0.091,28,6,0.475,0.4,0.99704,3.07,0.65,10.03333333,6
8,2,0.08,63,11,0.83,0.27,0.99652,3.29,0.48,9.8,4
7.2,1.9,0.096,31,10,0.605,0.02,0.995,3.46,0.53,11.8,6
7.8,2.2,0.115,42,10,0.5,0.09,0.9971,3.18,0.62,9.5,5
7.3,1.7,0.094,45,10,0.74,0.08,0.99576,3.24,0.5,9.8,5
6.9,2.2,0.088,105,9,0.54,0.3,0.99725,3.25,1.18,10.5,6
8,2.1,0.079,74,16,0.77,0.32,0.99656,3.27,0.5,9.8,6
6.6,1.6,0.069,8,4,0.61,0,0.99396,3.33,0.37,10.4,4
8.7,1.7,0.415,66,12,0.78,0.51,0.99623,3,1.17,9.2,5
7.5,3.1,0.153,14,5,0.58,0.56,0.99476,3.21,1.03,11.6,6
8.7,1.7,0.415,66,12,0.78,0.51,0.99623,3,1.17,9.2,5
7.7,3.8,0.11,89,34,0.75,0.27,0.99664,3.24,0.45,9.3,5
6.8,1.2,0.267,29,16,0.815,0,0.99471,3.32,0.51,9.8,3
7.2,2,0.083,100,13,0.56,0.26,0.99586,3.26,0.52,9.9,5
8.2,1.4,0.086,31,7,0.885,0.2,0.9946,3.11,0.46,10,5
5.2,2.3,0.09,74,23,0.49,0.26,0.9953,3.71,0.62,12.2,6
7.2,2,0.078,28,10,0.45,0.15,0.99609,3.29,0.51,9.9,6
7.5,2.6,0.077,35,11,0.57,0.02,0.99557,3.36,0.62,10.8,6
7.5,2.6,0.077,35,11,0.57,0.02,0.99557,3.36,0.62,10.8,6
6.8,1.8,0.074,25,4,0.83,0.09,0.99534,3.38,0.45,9.6,5
8,2.1,0.08,105,25,0.6,0.22,0.99613,3.3,0.49,9.9,5
8,2.1,0.08,105,25,0.6,0.22,0.99613,3.3,0.49,9.9,5
7.1,1.8,0.107,84,20,0.755,0.15,0.99593,3.19,0.5,9.5,5
8,3.4,0.076,85,34,0.81,0.25,0.99668,3.19,0.42,9.2,5
7.4,1.8,0.1,23,8,0.64,0.07,0.9961,3.3,0.58,9.6,5
7.4,1.8,0.1,23,8,0.64,0.07,0.9961,3.3,0.58,9.6,5
6.6,6.1,0.083,49,7,0.64,0.31,0.99718,3.35,0.68,10.3,5
6.7,2.2,0.08,111,36,0.48,0.02,0.99524,3.1,0.53,9.7,5
6,2.3,0.068,33,15,0.49,0,0.99292,3.58,0.59,12.5,6
8,2.4,0.094,33,5,0.64,0.22,0.99612,3.37,0.58,11,5
7.1,1.3,0.07,12,5,0.62,0.06,0.9942,3.17,0.48,9.8,5
8,2,0.078,59,19,0.52,0.25,0.99612,3.3,0.48,10.2,5
6.4,3.9,0.07,73,27,0.57,0.14,0.99669,3.32,0.48,9.2,5
8.6,1.6,0.092,12,3,0.685,0.1,0.99745,3.31,0.65,9.55,6
8.7,1.6,0.09,11,4,0.675,0.1,0.99745,3.31,0.65,9.55,5
7.3,2,0.08,104,17,0.59,0.26,0.99584,3.28,0.52,9.9,5
7,2.2,0.083,28,13,0.6,0.12,0.9966,3.52,0.62,10.2,7
7.2,2.2,0.068,24,10,0.67,0,0.9956,3.42,0.72,11.1,6
7.9,2.1,0.08,141,33,0.69,0.21,0.9962,3.25,0.51,9.9,5
7.9,2.1,0.08,141,33,0.69,0.21,0.9962,3.25,0.51,9.9,5
7.6,2,0.052,24,6,0.3,0.42,0.9963,3.44,0.82,11.9,6
7.2,1.7,0.061,13,3,0.33,0.33,0.996,3.23,1.1,10,8
8,2.6,0.082,46,12,0.5,0.39,0.9985,3.43,0.62,10.7,6
7.7,2,0.062,34,18,0.28,0.3,0.9952,3.28,0.9,11.3,7
8.2,5.1,0.062,22,8,0.24,0.34,0.9974,3.22,0.94,10.9,6
6,2.1,0.064,54,40,0.51,0,0.995,3.54,0.93,10.7,6
8.1,2.2,0.048,53,35,0.29,0.36,0.995,3.27,1.01,12.4,7
6,2.1,0.064,54,40,0.51,0,0.995,3.54,0.93,10.7,6
6.6,1.8,0.082,16,5,0.96,0,0.9936,3.5,0.44,11.9,6
6.4,2.4,0.071,19,8,0.47,0.4,0.9963,3.56,0.73,10.6,6
8.2,5.1,0.062,22,8,0.24,0.34,0.9974,3.22,0.94,10.9,6
9.9,2,0.104,89,12,0.57,0.25,0.9963,3.04,0.9,10.1,5
10,2.2,0.077,15,3,0.32,0.59,0.9994,3.2,0.78,9.6,5
6.2,1.6,0.065,18,8,0.58,0,0.9966,3.56,0.84,9.4,5
10,2.2,0.077,15,3,0.32,0.59,0.9994,3.2,0.78,9.6,5
7.3,2.5,0.064,37,21,0.34,0.33,0.9952,3.35,0.77,12.1,7
7.8,1.6,0.077,19,3,0.53,0.01,0.995,3.16,0.46,9.8,5
7.7,2.2,0.077,133,32,0.64,0.21,0.9956,3.27,0.45,9.9,5
7.8,1.6,0.077,19,3,0.53,0.01,0.995,3.16,0.46,9.8,5
7.5,1.6,0.079,58,24,0.4,0.18,0.9965,3.34,0.58,9.4,5
7,2.1,0.079,55,39,0.54,0,0.9956,3.39,0.84,11.4,6
6.4,3.9,0.123,31,14,0.53,0.09,0.9968,3.5,0.67,11,4
8.3,1.4,0.076,23,8,0.26,0.37,0.9974,3.26,0.7,9.6,6
8.3,1.4,0.076,23,8,0.26,0.37,0.9974,3.26,0.7,9.6,6
7.7,1.8,0.046,60,23,0.23,0.37,0.9971,3.41,0.71,12.1,6
7.6,2.5,0.078,23,6,0.41,0.33,0.9957,3.3,0.58,11.2,5
7.8,1.9,0.072,55,27,0.64,0,0.9962,3.31,0.63,11,5
7.9,2.2,0.049,67,38,0.18,0.4,0.996,3.33,0.93,11.3,5
7.4,1.8,0.066,47,18,0.41,0.24,0.9956,3.37,0.62,10.4,5
7.6,2.1,0.069,74,13,0.43,0.31,0.9958,3.26,0.54,9.9,6
5.9,1.6,0.042,11,3,0.44,0,0.9944,3.48,0.85,11.7,6
6.1,1.8,0.069,25,11,0.4,0.16,0.9955,3.42,0.74,10.1,7
10.2,15.4,0.214,95,55,0.54,0.37,1.00369,3.18,0.77,9,6
10.2,15.4,0.214,95,55,0.54,0.37,1.00369,3.18,0.77,9,6
10,1.6,0.169,90,27,0.38,0.38,0.99914,3.15,0.65,8.5,5
6.8,4.8,0.07,39,15,0.915,0.29,0.99577,3.53,0.54,11.1,5
7,1.7,0.052,8,3,0.59,0,0.996,3.41,0.47,10.3,5
7.3,2.2,0.072,92,31,0.67,0.02,0.99566,3.32,0.68,11.06666667,6
7.2,2,0.062,28,15,0.37,0.32,0.9947,3.23,0.73,11.3,7
7.4,5.2,0.094,98,19,0.785,0.19,0.99713,3.16,0.52,9.566666667,6
6.9,1.9,0.078,30,18,0.63,0.02,0.99712,3.4,0.75,9.8,5
6.9,1.75,0.058,22,8,0.58,0.2,0.99322,3.38,0.49,11.7,5
7.3,2.2,0.072,92,31,0.67,0.02,0.99566,3.32,0.68,11.1,6
7.4,5.2,0.094,98,19,0.785,0.19,0.99713,3.16,0.52,9.6,6
6.9,1.9,0.078,30,18,0.63,0.02,0.99712,3.4,0.75,9.8,5
6.8,1.9,0.08,39,22,0.67,0,0.99701,3.4,0.74,9.7,5
6.9,1.9,0.08,54,40,0.58,0.01,0.99683,3.4,0.73,9.7,5
7.2,2,0.056,29,15,0.38,0.31,0.99472,3.23,0.76,11.3,8
7.2,2,0.062,28,15,0.37,0.32,0.9947,3.23,0.73,11.3,7
7.8,2.7,0.104,17,8,0.32,0.44,0.99732,3.33,0.78,11,7
6.6,2,0.062,53,37,0.58,0.02,0.99374,3.35,0.76,11.6,7
7.6,1.9,0.074,85,27,0.49,0.33,0.99706,3.41,0.58,9,5
11.7,2.2,0.073,23,7,0.45,0.63,0.99974,3.21,0.69,10.9,6
6.5,1.6,0.052,17,9,0.9,0,0.99467,3.5,0.63,10.9,6
6,1.8,0.05,89,38,0.54,0.06,0.99236,3.3,0.5,10.55,6
7.6,1.9,0.074,85,27,0.49,0.33,0.99706,3.41,0.58,9,5
8.4,1.7,0.067,20,8,0.29,0.4,0.99603,3.39,0.6,10.5,5
7.9,1.7,0.054,15,7,0.2,0.35,0.99458,3.32,0.8,11.9,7
6.4,2.3,0.054,64,34,0.42,0.09,0.99724,3.41,0.68,10.4,6
6.2,2.1,0.06,13,6,0.785,0,0.99664,3.59,0.61,10,4
6.8,2.3,0.075,31,14,0.64,0.03,0.99545,3.36,0.58,10.4,6
6.9,2.4,0.076,39,14,0.63,0.01,0.99522,3.34,0.53,10.8,6
6.8,1.7,0.063,53,34,0.59,0.1,0.9958,3.41,0.67,9.7,5
6.8,1.7,0.063,53,34,0.59,0.1,0.9958,3.41,0.67,9.7,5
7.3,2.1,0.062,54,31,0.48,0.32,0.99728,3.3,0.65,10,7
6.7,2.3,0.067,32,19,1.04,0.08,0.99648,3.52,0.57,11,4
7.3,2.1,0.062,54,31,0.48,0.32,0.99728,3.3,0.65,10,7
7.3,2.1,0.061,49,20,0.98,0.05,0.99705,3.31,0.55,9.7,3
10,1.4,0.084,24,8,0.69,0.11,0.99578,2.88,0.47,9.7,5
6.7,3.75,0.067,16,8,0.7,0.08,0.99334,3.43,0.52,12.6,5
7.6,2.6,0.073,44,23,0.35,0.6,0.99656,3.38,0.79,11.1,6
6.1,1.8,0.071,45,14,0.6,0.08,0.99336,3.38,0.54,11,5
9.9,13.8,0.205,82,48,0.5,0.5,1.00242,3.16,0.75,8.8,5
5.3,2.2,0.048,89,16,0.47,0.11,0.99182,3.54,0.88,13.56666667,7
9.9,13.8,0.205,82,48,0.5,0.5,1.00242,3.16,0.75,8.8,5
5.3,2.2,0.048,89,16,0.47,0.11,0.99182,3.54,0.88,13.6,7
7.1,5.7,0.082,14,3,0.875,0.05,0.99808,3.4,0.52,10.2,3
8.2,3,0.104,22,10,0.28,0.6,0.99828,3.39,0.68,10.6,5
5.6,1.5,0.08,13,6,0.62,0.03,0.99498,3.66,0.62,10.1,4
8.2,3,0.104,22,10,0.28,0.6,0.99828,3.39,0.68,10.6,5
7.2,2.1,0.114,9,3,0.58,0.54,0.99719,3.33,0.57,10.3,4
8.1,1.5,0.042,12,6,0.33,0.44,0.99542,3.35,0.61,10.7,5
6.8,2,0.06,11,4,0.91,0.06,0.99592,3.53,0.64,10.9,4
7,2.1,0.074,25,8,0.655,0.16,0.99606,3.37,0.55,9.7,5
6.8,2.1,0.07,23,9,0.68,0.21,0.99546,3.38,0.6,10.3,5
6,1.9,0.066,17,9,0.64,0.05,0.99496,3.52,0.78,10.6,5
5.6,1.7,0.049,13,5,0.54,0.04,0.9942,3.72,0.58,11.4,5
6.2,2.1,0.048,11,4,0.57,0.1,0.99448,3.44,0.76,10.8,6
7.1,1.8,0.039,18,8,0.22,0.49,0.99344,3.39,0.56,12.4,6
5.6,1.7,0.049,13,5,0.54,0.04,0.9942,3.72,0.58,11.4,5
6.2,1.6,0.05,18,6,0.65,0.06,0.99348,3.57,0.54,11.95,5
7.7,1.9,0.089,147,23,0.54,0.26,0.99636,3.26,0.59,9.7,5
6.4,1.4,0.066,28,15,0.31,0.09,0.99459,3.42,0.7,10,7
7,1.9,0.08,28,15,0.43,0.02,0.99492,3.35,0.81,10.6,6
7.7,1.9,0.089,147,23,0.54,0.26,0.99636,3.26,0.59,9.7,5
6.9,2.3,0.054,16,7,0.74,0.03,0.99508,3.45,0.63,11.5,6
6.6,2.3,0.068,13,7,0.895,0.04,0.99582,3.53,0.58,10.8,6
6.9,2.3,0.054,16,7,0.74,0.03,0.99508,3.45,0.63,11.5,6
7.5,1.5,0.076,15,8,0.725,0.04,0.99508,3.26,0.53,9.6,5
7.8,4.3,0.083,64,21,0.82,0.29,0.99642,3.16,0.53,9.4,5
7.3,2.4,0.078,60,15,0.585,0.18,0.99638,3.31,0.54,9.8,5
6.2,2.5,0.077,14,6,0.44,0.39,0.99555,3.51,0.69,11,6
7.5,2.3,0.106,12,5,0.38,0.57,0.99605,3.36,0.55,11.4,6
6.7,1.8,0.078,12,6,0.76,0.02,0.996,3.55,0.63,9.95,3
6.8,2,0.07,14,6,0.81,0.05,0.99562,3.51,0.66,10.8,6
7.5,2.3,0.106,12,5,0.38,0.57,0.99605,3.36,0.55,11.4,6
7.1,2.1,0.074,25,17,0.27,0.6,0.99814,3.38,0.72,10.6,6
7.9,1.8,0.062,20,7,0.18,0.4,0.9941,3.28,0.7,11.1,5
6.4,2.2,0.047,48,26,0.36,0.21,0.99661,3.47,0.77,9.7,6
7.1,2.1,0.068,27,19,0.69,0.04,0.99712,3.44,0.67,9.8,5
6.4,2.2,0.061,17,11,0.79,0.04,0.99588,3.53,0.65,10.4,6
6.4,1.8,0.078,65,17,0.56,0.15,0.99294,3.33,0.6,10.5,6
6.9,4.1,0.074,65,16,0.84,0.21,0.99842,3.53,0.72,9.233333333,6
6.9,4.1,0.074,65,16,0.84,0.21,0.99842,3.53,0.72,9.25,6
6.1,2.3,0.071,58,23,0.32,0.25,0.99633,3.42,0.97,10.6,5
6.5,2,0.063,44,29,0.53,0.06,0.99489,3.38,0.83,10.3,6
7.4,2.2,0.114,20,7,0.47,0.46,0.99647,3.32,0.63,10.5,5
6.6,2.6,0.106,27,14,0.7,0.08,0.99665,3.44,0.58,10.2,5
6.5,2,0.063,44,29,0.53,0.06,0.99489,3.38,0.83,10.3,6
6.9,1.9,0.082,23,9,0.48,0.2,0.99585,3.39,0.43,9.05,4
6.1,2.3,0.071,58,23,0.32,0.25,0.99633,3.42,0.97,10.6,5
6.8,2,0.076,61,29,0.48,0.25,0.9953,3.34,0.6,10.4,5
6,2,0.075,47,22,0.42,0.19,0.99522,3.39,0.78,10,6
6.7,2.1,0.064,34,18,0.48,0.08,0.99552,3.33,0.64,9.7,5
6.8,2.2,0.064,38,18,0.47,0.08,0.99553,3.3,0.65,9.6,6
7.1,1.7,0.071,24,15,0.53,0.07,0.9951,3.29,0.66,10.8,6
7.9,2.2,0.096,59,21,0.29,0.49,0.99714,3.31,0.67,10.1,6
7.1,2.1,0.063,52,42,0.69,0.08,0.99608,3.42,0.6,10.2,6
6.6,2.2,0.063,18,9,0.44,0.09,0.99444,3.42,0.69,11.3,6
6.1,2.8,0.081,28,13,0.705,0.1,0.99631,3.6,0.66,10.2,5
7.2,2,0.058,22,18,0.53,0.13,0.99573,3.21,0.68,9.9,6
8,1.9,0.074,84,32,0.39,0.3,0.99717,3.39,0.61,9,5
6.6,2.4,0.064,29,13,0.56,0.14,0.99397,3.42,0.62,11.7,7
7,2.2,0.075,35,15,0.55,0.13,0.9959,3.36,0.59,9.7,6
6.1,1.9,0.077,45,24,0.53,0.08,0.99528,3.6,0.68,10.3,6
5.4,1.9,0.059,31,20,0.58,0.08,0.99484,3.5,0.64,10.2,6
6.2,2.5,0.081,26,15,0.64,0.09,0.99538,3.57,0.63,12,5
7.2,1.8,0.065,60,34,0.39,0.32,0.99714,3.46,0.78,9.9,5
6.2,4.4,0.071,32,11,0.52,0.08,0.99646,3.56,0.63,11.6,6
7.4,2.2,0.054,49,19,0.25,0.29,0.99666,3.4,0.76,10.9,7
6.7,1.9,0.064,38,29,0.855,0.02,0.99472,3.3,0.56,10.75,6
11.1,2.2,0.064,19,14,0.44,0.42,0.99758,3.25,0.57,10.4,6
8.4,2.3,0.063,19,12,0.37,0.43,0.9955,3.17,0.81,11.2,7
6.5,1.8,0.059,28,16,0.63,0.33,0.99531,3.36,0.64,10.1,6
7,2,0.072,26,17,0.57,0.02,0.99575,3.36,0.61,10.2,5
6.3,1.6,0.048,26,12,0.6,0.1,0.99306,3.55,0.51,12.1,5
11.2,2,0.099,50,19,0.4,0.5,0.99783,3.1,0.58,10.4,5
7.4,1.8,0.074,24,17,0.36,0.3,0.99419,3.24,0.7,11.4,8
7.1,2.3,0.087,26,17,0.68,0,0.99783,3.45,0.53,9.5,5
7.1,2.3,0.083,27,18,0.67,0,0.99768,3.44,0.54,9.4,5
6.3,3.7,0.103,54,32,0.68,0.01,0.99586,3.51,0.66,11.3,6
7.3,2.2,0.08,28,18,0.735,0,0.99765,3.41,0.6,9.4,5
6.6,2.4,0.062,23,15,0.855,0.02,0.99627,3.54,0.6,11,6
7,1.7,0.065,24,15,0.56,0.17,0.99514,3.44,0.68,10.55,7
6.6,2.2,0.066,20,12,0.88,0.04,0.99636,3.53,0.56,9.9,5
6.6,2.4,0.062,23,15,0.855,0.02,0.99627,3.54,0.6,11,6
6.9,6.7,0.235,115,66,0.63,0.33,0.99787,3.22,0.56,9.5,5
7.8,2,0.08,131,31,0.6,0.26,0.99622,3.21,0.52,9.9,5
7.8,2,0.08,131,31,0.6,0.26,0.99622,3.21,0.52,9.9,5
7.8,2,0.08,131,31,0.6,0.26,0.99622,3.21,0.52,9.9,5
7.2,2,0.076,20,12,0.695,0.13,0.99546,3.29,0.54,10.1,5
7.2,2,0.076,20,12,0.695,0.13,0.99546,3.29,0.54,10.1,5
7.2,2,0.076,20,12,0.695,0.13,0.99546,3.29,0.54,10.1,5
6.7,1.9,0.061,42,26,0.67,0.02,0.99489,3.39,0.82,10.9,6
6.7,2.1,0.059,52,24,0.16,0.64,0.99494,3.34,0.71,11.2,6
7.2,2,0.076,20,12,0.695,0.13,0.99546,3.29,0.54,10.1,5
7,1.6,0.077,42,25,0.56,0.13,0.99629,3.34,0.59,9.2,5
6.2,1.9,0.056,34,15,0.51,0.14,0.99396,3.48,0.57,11.5,6
6.4,2.2,0.23,35,19,0.36,0.53,0.9934,3.37,0.93,12.4,6
6.4,2.2,0.038,25,15,0.38,0.14,0.99514,3.44,0.65,11.1,6
7.3,2.2,0.069,104,35,0.69,0.32,0.99632,3.33,0.51,9.5,5
6,2.4,0.075,50,15,0.58,0.2,0.99467,3.58,0.67,12.5,6
5.6,13.9,0.074,92,23,0.31,0.78,0.99677,3.39,0.48,10.5,6
7.5,2.2,0.06,20,12,0.52,0.4,0.99474,3.26,0.64,11.8,6
8,1.6,0.081,29,16,0.3,0.63,0.99588,3.3,0.78,10.8,6
6.2,5.1,0.076,27,13,0.7,0.15,0.99622,3.54,0.6,11.9,6
6.8,1.8,0.118,20,13,0.67,0.15,0.9954,3.42,0.67,11.3,6
6.2,1.7,0.053,32,24,0.56,0.09,0.99402,3.54,0.6,11.3,5
7.4,2.4,0.068,26,9,0.35,0.33,0.9947,3.36,0.6,11.9,6
6.2,1.7,0.053,32,24,0.56,0.09,0.99402,3.54,0.6,11.3,5
6.1,2.6,0.053,27,13,0.715,0.1,0.99362,3.57,0.5,11.9,5
6.2,2.1,0.074,98,32,0.46,0.29,0.99578,3.33,0.62,9.8,5
6.7,2.4,0.061,34,24,0.32,0.44,0.99484,3.29,0.8,11.6,7
7.2,2.6,0.066,48,22,0.39,0.44,0.99494,3.3,0.84,11.5,6
7.5,2.4,0.065,60,34,0.31,0.41,0.99492,3.34,0.85,11.4,6
5.8,1.8,0.066,28,18,0.61,0.11,0.99483,3.55,0.66,10.9,6
7.2,2.5,0.068,102,34,0.66,0.33,0.99414,3.27,0.78,12.8,6
6.6,7.8,0.073,79,29,0.725,0.2,0.9977,3.29,0.54,9.2,5
6.3,1.8,0.077,35,26,0.55,0.15,0.99314,3.32,0.82,11.6,6
5.4,1.7,0.089,26,16,0.74,0.09,0.99402,3.67,0.56,11.6,6
6.3,2.3,0.076,40,29,0.51,0.13,0.99574,3.42,0.75,11,6
6.8,1.9,0.068,38,28,0.62,0.08,0.99651,3.42,0.82,9.5,6
6.2,2,0.09,44,32,0.6,0.08,0.9949,3.45,0.58,10.5,5
5.9,2.2,0.062,51,39,0.55,0.1,0.99512,3.52,0.76,11.2,6
6.3,2.3,0.076,40,29,0.51,0.13,0.99574,3.42,0.75,11,6
5.9,2,0.075,44,32,0.645,0.12,0.99547,3.57,0.71,10.2,5
6,3.6,0.067,42,18,0.31,0.47,0.99549,3.39,0.66,11,6
